점착제,작업자,분류,설명,이론 고형분(%),측정 고형분(%),수율(%),전환율(%),응집량(%),pH,Tg,점도(cps),초기 유화제 농도,입도(nm),Scale,모노머,용제,개시제,유화제 및 첨가제,반응시간,온도
S250423A,노항우,장기보관성개선,[911기반] AA 증량 : 2%,0.4846999943256378,0.47189998626708984,0.8044000267982483,0.9735999703407288,0.0031999999191612005,8-9,-40.7400016784668,250.0,2.50E-03,,525.9400024414062,BA 89 / MMA 9 / AA 2,증류수 101.8wt%,KPS 0.33wt% ( 후첨 0.10wt% ),SR-1025 1.50wt%(초기 0.03wt%) / ER-10 0.08wt% / NaHCO3 0.06wt% / NH4OH 0.17wt%,4.75시간,83
S250422B,이민지,딥드로잉용,[917기반] 806 조성 적용,0.4659999907016754,0.45840001106262207,0.8565999865531921,0.9836999773979187,0.004399999976158142,8-9,-12.979999542236328,300.0,4.13E-03,,556.27001953125,BA 68 / MMA 30 / AA 2 / NDM 0.4,증류수 105.75wt%,KPS 0.32wt% ( 후첨 0.10wt% ),SR-1025 2.83wt%(초기 0.04wt%) / ER-10 0.15wt% / NH4OH 0.18wt% / NH4OH(P/E) 5.399g,4.75시간,83
S250422A,이민지,딥드로잉용,[909기반] 806 조성 적용,0.47119998931884766,0.4474000036716461,0.7671999931335449,0.9495000243186951,0.0026000000070780516,8-9,-12.979999542236328,400.0,4.15E-03,,550.3699951171875,BA 68 / MMA 30 / AA 2,증류수 105.75wt%,KPS 0.32wt% ( 후첨 0.10wt% ),SR-1025 2.83wt%(초기 0.04wt%) / ER-10 0.15wt% / NH4OH 0.20wt%,4.75시간,83
S250421H,노항우,장기보관성개선,[910기반] HDDA 0.5%,0.4706999957561493,0.4489000141620636,0.6873000264167786,0.9537000060081482,0.024900000542402267,8-9,,50.0,4.14E-03,,329.2099914550781,BA 39.1 / 2-EHA 39.1 / CHMA 20 / AA 1.3 / HDDA 0.5,증류수 105.75wt%,KPS 0.32wt% ( 후첨 0.10wt% ),SR-1025 2.83wt%(초기 0.04wt%) / ER-10 0.15wt% / NH4OH 0.13wt%,4.75시간,83
S250421G,노항우,장기보관성개선,[910기반] HDDA 0.35%,0.4708999991416931,0.45570001006126404,0.5857999920845032,0.9677000045776367,0.041099999099969864,8-9,,50.0,4.14E-03,,329.04998779296875,BA 39.18 / 2-EHA 39.18 / CHMA 20 / AA 1.3 / HDDA 0.35,증류수 105.75wt%,KPS 0.32wt% ( 후첨 0.10wt% ),SR-1025 2.83wt%(초기 0.04wt%) / ER-10 0.15wt% / NH4OH 0.12wt%,4.75시간,83
S250418H,노항우,장기보관성개선,[911기반] BA:2-EHA = 2:2,0.48570001125335693,0.4657999873161316,0.6414999961853027,0.9589999914169312,0.02800000086426735,8-9,-46.20000076293945,50.0,2.50E-03,,314.8999938964844,BA 44.85 / 2-EHA 44.85 / MMA 9 / AA 1.3,증류수 101.8wt%,KPS 0.33wt% ( 후첨 0.10wt% ),SR-1025 1.50wt%(초기 0.03wt%) / ER-10 0.08wt% / NaHCO3 0.06wt% / NH4OH 0.13wt%,4.75시간,83
S250418G,노항우,장기보관성개선,[911기반] BA:2-EHA = 3:1,0.48590001463890076,0.4754999876022339,0.6728000044822693,0.978600025177002,0.02199999988079071,8-9,-43.84000015258789,50.0,2.50E-03,,314.7900085449219,BA 67.28 / 2-EHA 22.42 / MMA 9 / AA 1.3,증류수 101.8wt%,KPS 0.33wt% ( 후첨 0.10wt% ),SR-1025 1.50wt%(초기 0.03wt%) / ER-10 0.08wt% / NaHCO3 0.06wt% / NH4OH 0.12wt%,4.75시간,83
S250430A,노항우,난부착용,[913기반] BA > 2-EHA,0.47269999980926514,0.4472000002861023,0.527899980545044,0.9460999965667725,0.05909999832510948,8-9,,100.0,3.77E-03,,327.8599853515625,2-EHA 78.7 / CHMA 20 / AA 1.3,증류수 104.61wt%,KPS 0.32wt% ( 후첨 0.10wt% ),SR-1025 2.83wt%(초기 0.04wt%) / ER-10 0.15wt% / NH4OH 0.15wt%,4.75시간,83
S250430B,노항우,난부착용,[913기반] BA > 2-EHA + CHMA > BA,0.4715999960899353,0.4584999978542328,0.6417999863624573,0.9721999764442444,0.029500000178813934,8-9,,200.0,3.77E-03,,328.6199951171875,2-EHA 78.7 / BA 20 / AA 1.3,증류수 104.61wt%,KPS 0.32wt% ( 후첨 0.10wt% ),SR-1025 2.83wt%(초기 0.04wt%) / ER-10 0.15wt% / NH4OH 0.19wt%,4.75시간,83
S250430C,노항우,난부착용,[913기반] BA > 2-EHA + CHMA > LMA,0.4717000126838684,0.412200003862381,0.6209999918937683,0.8738999962806702,0.0010999999940395355,8-9,,50.0,3.77E-03,,328.5799865722656,2-EHA 78.7 / LMA 20 / AA 1.3,증류수 104.61wt%,KPS 0.32wt% ( 후첨 0.10wt% ),SR-1025 2.83wt%(초기 0.04wt%) / ER-10 0.15wt% / NH4OH 0.19wt%,4.75시간,83
S250430D,노항우,장기보관성개선,[911기반] MMA 4.5wt%,0.48420000076293945,0.4684999883174896,0.7361000180244446,0.9675999879837036,0.003100000089034438,8-9,,100.0,2.50E-03,,315.9100036621094,BA 94.2 / MMA 4.5 / AA 1.3,증류수 101.8wt%,KPS 0.33wt% ( 후첨 0.10wt% ),SR-1025 1.50wt%(초기 0.03wt%) / ER-10 0.08wt% / NaHCO3 0.06wt% / NH4OH 0.19wt%,4.75시간,83
S250430H,노항우,장기보관성개선,[911기반] MMA > EMA,0.4837999939918518,0.45419999957084656,0.7023000121116638,0.9387999773025513,0.027400000020861626,8-9,,50.0,2.50E-03,,316.1700134277344,BA 89.7 / EMA 9 / AA 1.3,증류수 101.8wt%,KPS 0.33wt% ( 후첨 0.10wt% ),SR-1025 1.50wt%(초기 0.03wt%) / ER-10 0.08wt% / NaHCO3 0.06wt% / NH4OH 0.20wt%,4.75시간,83
S250430F,노항우,장기보관성개선,[911기반] MMA > BMA,0.48399999737739563,0.46480000019073486,0.6664999723434448,0.9603000283241272,0.013100000098347664,8-9,,100.0,2.50E-03,,316.04998779296875,BA 89.7 / BMA 9 / AA 1.3,증류수 101.8wt%,KPS 0.33wt% ( 후첨 0.10wt% ),SR-1025 1.50wt%(초기 0.03wt%) / ER-10 0.08wt% / NaHCO3 0.06wt% / NH4OH 0.20wt%,4.75시간,83
S250430G,노항우,장기보관성개선,[911기반] MMA > EA,0.4837999939918518,0.4555000066757202,0.6590999960899353,0.9415000081062317,0.062199998646974564,8-9,,50.0,2.50E-03,,316.1700134277344,BA 89.7 / EA 9 / AA 1.3,증류수 101.8wt%,KPS 0.33wt% ( 후첨 0.10wt% ),SR-1025 1.50wt%(초기 0.03wt%) / ER-10 0.08wt% / NaHCO3 0.06wt% / NH4OH 0.20wt%,4.75시간,83
S250429F,노항우,장기보관성개선,[913기반] Ref.,0.46959999203681946,0.41929998993873596,0.4223000109195709,0.8928999900817871,0.005900000222027302,8-9,-36.75,50.0,4.14E-03,,329.9700012207031,BA 78.7 / CHMA 20 / AA 1.3,증류수 104.61wt%,KPS 0.32wt% ( 후첨 0.10wt% ),SR-1025 2.83wt%(초기 0.04wt%) / ER-10 0.15wt% / NH4OH 0.18wt%,4.75시간,83
S250429G,노항우,장기보관성개선,[913기반] HDDA 0.25%,0.4683000147342682,0.43220001459121704,0.6568999886512756,0.9229000210762024,0.0333000011742115,8-9,-36.75,50.0,4.14E-03,,330.0799865722656,BA 78.45 / CHMA 20 / AA 1.3 / HDDA 0.25,증류수 104.61wt%,KPS 0.32wt% ( 후첨 0.10wt% ),SR-1025 2.83wt%(초기 0.04wt%) / ER-10 0.15wt% / NH4OH 0.19wt%,4.75시간,83
S250429H,노항우,장기보관성개선,[913기반] HDDA 0.5%,0.46709999442100525,0.5066999793052673,0.6021999716758728,1.0848000049591064,0.07909999787807465,8-9,-36.75,50.0,4.14E-03,,330.0799865722656,BA 78.2 / CHMA 20 / AA 1.3 / HDDA 0.5,증류수 104.61wt%,KPS 0.32wt% ( 후첨 0.10wt% ),SR-1025 2.83wt%(초기 0.04wt%) / ER-10 0.15wt% / NH4OH 0.19wt%,4.75시간,83
S250428A,이민지,가공용,[909기반] 806 조성 + HDDA 0.5%,0.47279998660087585,0.44339999556541443,0.5598000288009644,0.9377999901771545,0.07880000025033951,8-9,-12.979999542236328,50.0,3.99E-03,,329.1199951171875,BA 67.5 / MMA 30 / AA 2 / HDDA 0.5,증류수 105.75wt%,KPS 0.32wt% ( 후첨 0.10wt% ),SR-1025 2.83wt%(초기 0.04wt%) / ER-10 0.15wt% / NH4OH 0.13wt%,4.75시간,83
S250428B,이민지,가공용,[909기반] 806 조성 + HDDA 0.5% + NDM 0.4%,0.4702000021934509,0.45570001006126404,0.7821000218391418,0.9692000150680542,0.0024999999441206455,8-9,-12.979999542236328,400.0,4.14E-03,,330.8299865722656,BA 67.5 / MMA 30 / AA 2 / HDDA 0.5 / NDM 0.4,증류수 105.75wt%,KPS 0.32wt% ( 후첨 0.10wt% ),SR-1025 2.83wt%(초기 0.04wt%) / ER-10 0.15wt% / NH4OH 0.20wt% / NH4OH(P/E) 3.240g,4.75시간,83
S250428F,노항우,칼라강판용,[913기반] GMA 5% + AA 3% (재현),0.47099998593330383,0.4424000084400177,0.6876999735832214,0.939300000667572,0.005799999926239252,7-8,-29.700000762939453,200.0,3.77E-03,,329.04998779296875,BA 72 / CHMA 20 / GMA 5 / AA 3,증류수 104.61wt%,KPS 0.32wt% ( 후첨 0.10wt% ),SR-1025 2.83wt%(초기 0.04wt%) / ER-10 0.15wt% / NH4OH 0.22wt%,4.75시간,83
S250428G,정주현,재현검증,[909],0.46700000762939453,0.43700000643730164,0.8076000213623047,0.9358000159263611,0.01549999974668026,9,-41.70000076293945,90.0,4.14E-03,,552.9400024414062,BA 38.35 / 2-EHA 38.35 / IBOMA 20 / 2-HEMA 2 / AA 1.3,증류수 105.75wt%,KPS 0.32wt% ( 후첨 0.10wt% ),SR-1025 2.83wt%(초기 0.04wt%) / ER-10 0.15wt% / NH4OH 0.29wt%,4.75시간,83
S250424A,정주현,재현검증,[909] NG,0.4738999903202057,0.3783999979496002,0.5670999884605408,0.7985000014305115,0.005100000184029341,,-41.70000076293945,80.0,4.14E-03,,544.9400024414062,BA 38.35 / 2-EHA 38.35 / IBOMA 20 / 2-HEMA 2 / AA 1.3,증류수 105.75wt%,KPS 0.32wt% ( 후첨 0.10wt% ),SR-1025 2.83wt%(초기 0.04wt%) / ER-10 0.15wt%,4.75시간,83
S250424B,정주현,재현검증,[911],0.48899999260902405,0.46560001373291016,0.8503999710083008,0.9520999789237976,0.006500000134110451,4,-41.91999816894531,140.0,2.50E-03,,521.27001953125,BA 89.7 / MMA 9 / AA 1.3,증류수 101.8wt%,KPS 0.33wt% ( 후첨 0.10wt% ),SR-1025 1.50wt%(초기 0.03wt%) / ER-10 0.08wt% / NaHCO3 0.06wt%,4.75시간,83
S250507A,이민지,가공용,[909기반] 802 조성,0.4681999981403351,0.4375999867916107,0.5590999722480774,0.9345999956130981,0.00989999994635582,8-9,-36.650001525878906,50.0,4.15E-03,,330.9700012207031,BA 74 / IBOA 25 / AA 1,증류수 105.75wt%,KPS 0.32wt% ( 후첨 0.10wt% ),SR-1025 2.83wt%(초기 0.04wt%) / ER-10 0.15wt% / NH4OH 0.24wt%,4.75시간,83
S250507B,이민지,가공용,[909기반] 704 조성,0.4681999981403351,0.4318000078201294,0.6887999773025513,0.9222999811172485,0.0020000000949949026,8-9,-18.260000228881836,1600.0,4.15E-03,,330.9700012207031,BA 67 / MMA 23 / MA 2 / 2-HEA 5 / AA 3,증류수 105.75wt%,KPS 0.32wt% ( 후첨 0.10wt% ),SR-1025 2.83wt%(초기 0.04wt%) / ER-10 0.15wt% / NH4OH 0.24wt%,4.75시간,83
S250508G,노항우,장기보관성개선,[911기반] MMA 0wt% + EMA 4.5%,0.4839000105857849,0.46219998598098755,0.7218999862670898,0.9552000164985657,0.017000000923871994,8-9,-48.869998931884766,50.0,2.50E-03,,316.07000732421875,BA 94.2 / EMA 4.5 / AA 1.3,증류수 101.8wt%,KPS 0.33wt% ( 후첨 0.10wt% ),SR-1025 1.50wt%(초기 0.03wt%) / ER-10 0.08wt% / NaHCO3 0.06wt% / NH4OH 0.20wt%,4.75시간,83
S250508F,노항우,장기보관성개선,[911기반] MMA 0wt% + BMA 4.5%,0.483599990606308,0.46549999713897705,0.6431999802589417,0.9625999927520752,0.04769999906420708,8-9,-50.529998779296875,50.0,2.50E-03,,316.2699890136719,BA 94.2 / BMA 4.5 / AA 1.3,증류수 101.8wt%,KPS 0.33wt% ( 후첨 0.10wt% ),SR-1025 1.50wt%(초기 0.03wt%) / ER-10 0.08wt% / NaHCO3 0.06wt% / NH4OH 0.21wt%,4.75시간,83
S250507E,박다영,장기보관성개선,[911기반] HDDA 0.5% + ER-10 0.1%,0.4828000068664551,0.4503999948501587,0.6845999956130981,0.9329000115394592,0.029999999329447746,8-9,-41.91999816894531,50.0,2.52E-03,,316.8800048828125,BA 89.2 / MMA 9 / A 1.3 / HDDA 0.5,증류수 101.8wt%,KPS 0.33wt% ( 후첨 0.10wt% ),SR-1025 1.50wt%(초기 0.03wt%) / ER-10 0.10wt% / NaHCO3 0.06wt% / NH4OH 0.24wt%,4.75시간,83
S250507F,박다영,장기보관성개선,[911기반] HDDA 0.5% + A-10 0.08%,0.48260000348091125,0.45680001378059387,0.6421999931335449,0.9465000033378601,0.12929999828338623,8-9,-41.91999816894531,505.0,2.50E-03,,316.9599914550781,BA 89.2 / MMA 9 / A 1.3 / HDDA 0.5,증류수 101.8wt%,KPS 0.33wt% ( 후첨 0.10wt% ),SR-1025 1.50wt%(초기 0.03wt%) / A-10 0.08wt% / NaHCO3 0.06wt% / NH4OH 0.25wt%,4.75시간,83
S250507G,박다영,장기보관성개선,[911기반] HDDA 0.75% + ER-10 0.1%,0.4828000068664551,0.5604000091552734,0.7123000025749207,0.9329000115394592,0.08209999650716782,8-9,-41.91999816894531,50.0,2.53E-03,,316.8800048828125,BA 88.95 / MMA 9 / AA 1.3 / HDDA 0.75,증류수 101.8wt%,KPS 0.33wt% ( 후첨 0.10wt% ),SR-1025 1.50wt%(초기 0.03wt%) / ER-10 0.10wt% / NaHCO3 0.06wt% / NH4OH 0.24wt%,4.75시간,83
S250507H,박다영,장기보관성개선,[911기반] HDDA 0.75% + A-10 0.08%,0.4828999936580658,0.4577000141143799,0.6927000284194946,0.9477999806404114,0.07000000029802322,8-9,-41.91999816894531,50.0,2.50E-03,,316.760009765625,BA 88.95 / MMA 9 / AA 1.3 / HDDA 0.75,증류수 101.8wt%,KPS 0.33wt% ( 후첨 0.10wt% ),SR-1025 1.50wt%(초기 0.03wt%) / A-10 0.08wt% / NaHCO3 0.06wt% / NH4OH 0.24wt%,4.75시간,83
S250508H,노항우,장기보관성개선,[911기반] MMA 0wt% + EA 4.5%,0.48410001397132874,0.4691999852657318,0.6632999777793884,0.9692000150680542,0.03590000048279762,8-9,,50.0,2.50E-03,,315.989990234375,BA 94.2 / EA 4.5 / AA 1.3,증류수 101.8wt%,KPS 0.33wt% ( 후첨 0.10wt% ),SR-1025 1.50wt%(초기 0.03wt%) / ER-10 0.08wt% / NaHCO3 0.06wt% / NH4OH 0.19wt%,4.75시간,83
S250509E,노항우,난부착용,[913기반] BA > 2-EHA + CHMA > BA + b-CEA 1.5%,0.47049999237060547,0.4278999865055084,0.6779000163078308,0.909500002861023,0.006399999838322401,8-9,-62.119998931884766,50.0,3.77E-03,,329.3900146484375,2-EHA 77.2 / BA 20 / b-CEA 1.5 / AA 1.3,증류수 104.61wt%,KPS 0.32wt% ( 후첨 0.10wt% ),SR-1025 2.83wt%(초기 0.04wt%) / ER-10 0.15wt% / NH4OH 0.24wt%,4.75시간,83
S250509F,노항우,난부착용,[913기반] BA > 2-EHA + CHMA > BA + b-CEA 3%,0.4675000011920929,0.4632999897003174,0.694100022315979,0.9909999966621399,0.016100000590085983,8-9,-60.900001525878906,600.0,3.77E-03,,331.489990234375,2-EHA 75.7 / BA 20 / b-CEA 3 / AA 1.3,증류수 104.61wt%,KPS 0.32wt% ( 후첨 0.10wt% ),SR-1025 2.83wt%(초기 0.04wt%) / ER-10 0.15wt% / NH4OH 0.37wt%,4.75시간,83
S250509G,노항우,난부착용,[913기반] BA > 2-EHA + CHMA > BA + 4-HBA 1.5%,0.47049999237060547,0.4645000100135803,0.6959999799728394,0.9872000217437744,0.021700000390410423,8-9,-62.880001068115234,250.0,3.77E-03,,329.3800048828125,2-EHA 77.2 / BA 20 / 4-HBA 1.5 / AA 1.3,증류수 104.61wt%,KPS 0.32wt% ( 후첨 0.10wt% ),SR-1025 2.83wt%(초기 0.04wt%) / ER-10 0.15wt% / NH4OH 0.24wt%,4.75시간,83
S250509H,노항우,난부착용,[913기반] BA > 2-EHA + CHMA > BA + 4-HBA 3%,0.47049999237060547,0.46299999952316284,0.6769999861717224,0.9840999841690063,0.01600000075995922,8-9,-62.41999816894531,250.0,3.77E-03,,329.3800048828125,2-EHA 75.7 / BA 20 / 4-HBA 3 / AA 1.3,증류수 104.61wt%,KPS 0.32wt% ( 후첨 0.10wt% ),SR-1025 2.83wt%(초기 0.04wt%) / ER-10 0.15wt% / NH4OH 0.24wt%,4.75시간,83
S250513H,박다영,칼라강판용,[913기반] GMA 5% + AA 1% + CHMA 12%,0.47049999237060547,0.45809999108314514,0.0035000001080334187,0.9735999703407288,0.0035000001080334187,8-9,-42.099998474121094,50.0,3.77E-03,,329.4200134277344,BA 84 / CHMA 12 / GMA 3 / AA 1,증류수 104.61wt%,KPS 0.32wt% ( 후첨 0.10wt% ),SR-1025 2.83wt%(초기 0.04wt%) / ER-10 0.15wt% / NH4OH 0.24wt%,4.75시간,83
S250513G,박다영,칼라강판용,[913기반] GMA 5% + AA 1% + CHMA 5%,0.47049999237060547,0.45249998569488525,0.014299999922513962,0.9617000222206116,0.00430000014603138,8-9,-47.75,50.0,3.77E-03,,329.4200134277344,BA 91 / CHMA 5 / GMA 3 / AA 1,증류수 104.61wt%,KPS 0.32wt% ( 후첨 0.10wt% ),SR-1025 2.83wt%(초기 0.04wt%) / ER-10 0.15wt% / NH4OH 0.24wt%,4.75시간,83
S250515G,박다영,가공용,[909기반] HDDA 0.75%,0.46880000829696655,0.4350999891757965,0.6280999779701233,0.9280999898910522,0.020600000396370888,8-9,,50.0,4.14E-03,,330.5400085449219,BA 37.98 / 2-EHA 37.98 / IBOMA 20 / 2-HEMA 2 / AA 1.3 / HDDA 0.75,증류수 105.75wt%,KPS 0.32wt% ( 후첨 0.10wt% ),SR-1025 2.83wt%(초기 0.04wt%) / ER-10 0.15wt% / NH4OH 0.21wt%,4.75시간,83
S250515H,박다영,가공용,[909기반] HDDA 0.75% + IBOMA 10%,0.46869999170303345,0.4410000145435333,0.635699987411499,0.9409000277519226,0.0544000007212162,8-9,,50.0,4.14E-03,,330.5799865722656,BA 42.98 / 2-EHA 42.98 / IBOMA 10 / 2-HEMA 2 / AA 1.3 / HDDA 0.75,증류수 105.75wt%,KPS 0.32wt% ( 후첨 0.10wt% ),SR-1025 2.83wt%(초기 0.04wt%) / ER-10 0.15wt% / NH4OH 0.22wt%,4.75시간,83
S250604H,노항우,칼라강판용,[913기반] GMA 3% + AA 1% + CHMA 20% + BA:2-EHA=1:1,0.4726000130176544,0.4571000039577484,0.5734000205993652,0.9587000012397766,0.05689999833703041,8-9,-38.02000045776367,50.0,3.77E-03,,327.9599914550781,BA 38 / 2-EHA 38 / CHMA 20 / GMA 3 / AA 1,증류수 104.61wt%,KPS 0.32wt% ( 후첨 0.10wt% ),SR-1025 2.85wt%(초기 0.04wt%) / ER-10 0.15wt% / NH4OH 0.15wt%,4.75시간,83
S250604C,이민지,난부착용,[917기반] 911 조성 + EMA 4.5% + NDM 0% + AA 0.3% + 2-HEMA 2%,0.47029998898506165,0.46070000529289246,0.7394999861717224,0.9796000123023987,0.006000000052154064,8-9,-49.040000915527344,50.0,3.77E-03,,329.5400085449219,BA 93.2 / EMA 4.5 / AA 0.3 / 2-HEMA 2,증류수 105.75wt%,KPS 0.32wt% ( 후첨 0.10wt% ),SR-1025 2.85wt%(초기 0.04wt%) / ER-10 0.15wt% / NH4OH 0.25wt%,4.75시간,83
S250604B,이민지,난부착용,[917기반] 911 조성 + EMA 4.5% + NDM 0.2%,0.4666000008583069,0.47760000824928284,0.751800000667572,1.0235999822616577,0.011699999682605267,8-9,-48.869998931884766,50.0,3.77E-03,,332.79998779296875,BA 94.2 / EMA 4.5 / AA 1.3 / NDM 0.2,증류수 105.75wt%,KPS 0.32wt% ( 후첨 0.10wt% ),SR-1025 2.85wt%(초기 0.04wt%) / ER-10 0.15wt% / NH4OH 0.23wt% / NH4OH(P/E) 3.235g,4.75시간,83
S250604A,이민지,난부착용,[917기반] 911 조성 + EMA 4.5% + NDM 0.1%,0.4659000039100647,0.4564000070095062,0.7430999875068665,0.9796000123023987,0.0010999999940395355,8-9,-48.869998931884766,50.0,3.77E-03,,332.92999267578125,BA 94.2 / EMA 4.5 / AA 1.3 / NDM 0.1,증류수 105.75wt%,KPS 0.32wt% ( 후첨 0.10wt% ),SR-1025 2.85wt%(초기 0.04wt%) / ER-10 0.15wt% / NH4OH 025.wt% / NH4OH(P/E) 3.235g,4.75시간,83
S250529H,이민지,난부착용,[917기반] 911 조성 + EMA 4.5% + NDM 0% + AA 1.3% + 2-HEMA 2%,0.47110000252723694,0.4577000141143799,0.7081000208854675,0.9715999960899353,0.006399999838322401,8-9,-47.36000061035156,80.0,3.77E-03,,328.94000244140625,BA 92.2 / EMA 4.5 / AA 1.3 / 2-HEMA 2,증류수 105.75wt%,KPS 0.32wt% ( 후첨 0.10wt% ),SR-1025 2.85wt%(초기 0.04wt%) / ER-10 0.15wt% / NH4OH 0.21wt%,4.75시간,83
S250529G,이민지,난부착용,[917기반] 911 조성 + EMA 4.5% + NDM 0% + AA 0% + 2-HEMA 2%,0.4715999960899353,0.41269999742507935,0.5785999894142151,0.8751000165939331,0.0015999999595806003,8-9,-49.540000915527344,20.0,3.77E-03,,328.6499938964844,BA 93.5 / EMA 4.5 / 2-HEMA 2,증류수 105.75wt%,KPS 0.32wt% ( 후첨 0.10wt% ),SR-1025 2.85wt%(초기 0.04wt%) / ER-10 0.15wt% / NH4OH 0.20wt%,4.75시간,83
S250529F,이민지,난부착용,[917기반] 911 조성 + EMA 4.5% + NDM 0%,0.4708999991416931,0.4300000071525574,0.7766000032424927,0.913100004196167,0.0019000000320374966,,-48.869998931884766,50.0,3.77E-03,,329.1099853515625,BA 94.2 / EMA 4.5 / AA 1.3,증류수 105.75wt%,KPS 0.32wt% ( 후첨 0.10wt% ),SR-1025 2.85wt%(초기 0.04wt%) / ER-10 0.15wt% / NH4OH 0.22wt%,4.75시간,83
S250529E,이민지,난부착용,[917기반] 911 조성 + 부모노머 0%,0.46869999170303345,0.4465000033378601,0.8041999936103821,0.9526000022888184,0.0015999999595806003,8-9,-52.86000061035156,50.0,3.77E-03,,553.260009765625,BA 98.7 / AA 1.3 / NDM 0.4,증류수 105.75wt%,KPS 0.32wt% ( 후첨 0.10wt% ),SR-1025 2.85wt%(초기 0.04wt%) / ER-10 0.15wt% / NH4OH 0.16wt% / NH4OH(P/E) 5.40g,4.75시간,83
S250421B,이민지,재현검증,[910],0.47130000591278076,0.40720000863075256,0.5544999837875366,0.8640000224113464,0.007300000172108412,8-9,-40.040000915527344,40.0,4.14E-03,,547.97998046875,BA 39.35 / 2-EHA 39.35 / CHMA 20 / AA 1.3,증류수 105.75wt%,KPS 0.32wt% ( 후첨 0.10wt% ),SR-1025 2.83wt%(초기 0.04wt%) / ER-10 0.15wt% / NH4OH 0.11wt%,4.75시간,83
S250421A,이민지,재현검증,[911],0.4862000048160553,0.47540000081062317,0.8220000267028809,0.9778000116348267,0.0038999998942017555,8-9,-41.91999816894531,100.0,2.50E-03,,524.27001953125,BA 89.7 / MMA 9 / AA 1.3,증류수 101.8wt%,KPS 0.33wt% ( 후첨 0.10wt% ),SR-1025 1.50wt%(초기 0.03wt%) / ER-10 0.08wt% / NaHCO3 0.06wt% / NH4OH 0.11wt%,4.75시간,83
S250417H,노항우,장기보관성개선,[911기반] BA : 2-EHA = 2 : 2 > NG(응집),0.48899999260902405,,,,,,,,2.50E-03,,312.760009765625,BA 44.85 / 2-EHA 44.85 / MMA 9 / AA 1.3,증류수 101.8wt%,KPS 0.33wt% ( 후첨 0.10wt% ),SR-1025 1.50wt%(초기 0.03wt%) / ER-10 0.08wt% / NaHCO3 0.06wt%,4.75시간,83
S250417G,노항우,장기보관성개선,[911기반] BA : 2-EHA = 3 : 1 > NG(응집),0.48899999260902405,,,,,,,,2.50E-03,,312.760009765625,BA 67.28 / 2-EHA 22.43 / MMA 9 / AA 1.3,증류수 101.8wt%,KPS 0.33wt% ( 후첨 0.10wt% ),SR-1025 1.50wt%(초기 0.03wt%) / ER-10 0.08wt% / NaHCO3 0.06wt%,4.75시간,83
S250416H,노항우,장기보관성개선,[기초실험] AAm + AA 적용 검토 > NG(유화실패),0.48660001158714294,,,,,,,,8.00E-02,,318.42999267578125,BA 38.35 / 2-EHA 38.35 / IBOMA 20 / 2-HEMA 2 / AA 1.3,증류수 105.75wt%,KPS 0.32wt% ( 후첨 0.10wt% ),AAm 2.83wt%(초기 0.04wt%) / AA 2.79 / ER-10 0.15wt%,,
S250416G,노항우,장기보관성개선,[909],0.4648999869823456,0.4350000023841858,0.4814000129699707,0.935699999332428,0.06970000267028809,8,-41.70000076293945,50.0,4.14E-03,,333.2900085449219,BA 38.35 / 2-EHA 38.35 / IBOMA 20 / 2-HEMA 2 / AA 1.3,증류수 105.75wt%,KPS 0.32wt% ( 후첨 0.10wt% ),SR-1025 2.83wt%(초기 0.04wt%) / ER-10 0.15wt% / NH4OH 0.38wt%,4.75시간,83
S250415H,노항우,장기보관성개선,[909기반] HDDA 0.25%,0.462799996137619,0.4368000030517578,0.5989000201225281,0.9437999725341797,0.04919999837875366,8-9,,50.0,4.14E-03,,334.7699890136719,BA 38.35 / 2-EHA 38.35 / IBOMA 20 / 2-HEMA 2 / AA 1.3 / HDDA 0.25%,증류수 105.75wt%,KPS 0.32wt% ( 후첨 0.10wt% ),SR-1025 2.83wt%(초기 0.04wt%) / ER-10 0.15wt% / NH4OH 0.47wt%,4.75시간,83
S250415G,노항우,장기보관성개선,[910기반] HDDA 0.25%,0.4650000035762787,0.4212999939918518,0.5443999767303467,0.906000018119812,0.08760000020265579,8-9,,50.0,4.14E-03,,333.2300109863281,BA 39.35 / 2-EHA 39.35 / CHMA 20 / AA 1.3 / HDDA 0.25,증류수 105.75wt%,KPS 0.32wt% ( 후첨 0.10wt% ),SR-1025 2.83wt%(초기 0.04wt%) / ER-10 0.15wt% / NH4OH 0.38wt%,4.75시간,83
S250415F,노항우,장기보관성개선,[910],0.46790000796318054,0.4336000084877014,0.3492000102996826,0.9266999959945679,0.1574999988079071,8,-40.040000915527344,50.0,4.14E-03,,331.1700134277344,BA 39.35 / 2-EHA 39.35 / CHMA 20 / AA 1.3,증류수 105.75wt%,KPS 0.32wt% ( 후첨 0.10wt% ),SR-1025 2.83wt%(초기 0.04wt%) / ER-10 0.15wt% / NH4OH 0.25wt%,4.75시간,83
S250407F,노항우,장기보관성개선,[911기반] SR-1025 1.25% + A-10 0.08%,0.48510000109672546,0.4487000107765198,0.6191999912261963,0.925000011920929,0.001500000013038516,8-9,-41.91999816894531,25.0,2.26E-03,,314.6499938964844,BA 89.7 / MMA 9 / AA 1.3,증류수 101.8wt%,KPS 0.33wt% ( 후첨 0.10wt% ),SR-1025 1.28wt%(초기 0.03wt%) / A-10 0.08wt% / NaHCO3 0.06wt% / NH4OH 0.19wt%,4.75시간,83
S250403H,노항우,칼라강판용,[913기반] GMA 10% + AA 10% > NG(응집),0.4763000011444092,,,,,,,,3.77E-03,,325.3800048828125,BA 60 / CHMA 20 / GMA 10 / AA 10,증류수 104.61wt%,KPS 0.32wt% ( 후첨 0.10wt% ),SR-1025 2.83wt%(초기 0.04wt%) / ER-10 0.15wt%,4.75시간,83
S250403G,노항우,칼라강판용,[913기반] GMA 10% + AA 5%,0.46129998564720154,0.44999998807907104,0.6545000076293945,0.9754999876022339,,6-7,-21.760000228881836,1100.0,3.77E-03,,335.9800109863281,BA 65 / CHMA 20 / GMA 10 / AA 5,증류수 104.61wt%,KPS 0.32wt% ( 후첨 0.10wt% ),SR-1025 2.83wt%(초기 0.04wt%) / ER-10 0.15wt% / NH4OH 0.64wt%,4.75시간,83
S250529D,이민지,난부착용,[917기반] 911 조성 + EMA 4.5% + BA>2-EHA,0.4675999879837036,0.46230000257492065,0.7365999817848206,0.9886999726295471,0.004100000020116568,8-9,-61.0,100.0,3.77E-03,,332.7300109863281,2-EHA 94.2 / EMA 4.5 / AA 1.3 / NDM 0.4,증류수 105.75wt%,KPS 0.32wt% ( 후첨 0.10wt% ),SR-1025 2.85wt%(초기 0.04wt%) / ER-10 0.15wt% / NH4OH 0.21wt% / NH4OH(P/E) 3.24g,4.75시간,83
S250402H,노항우,칼라강판용,[913기반] GMA 5% + AA 5%,0.4593999981880188,0.4390000104904175,0.6510999798774719,0.9556000232696533,0.003599999938160181,6-7,-25.920000076293945,1400.0,3.77E-03,,337.3800048828125,BA 70 / CHMA 20 / GMA 5 / AA 5,증류수 104.61wt%,KPS 0.32wt% ( 후첨 0.10wt% ),SR-1025 2.83wt%(초기 0.04wt%) / ER-10 0.15wt% / NH4OH 0.72wt%,4.75시간,83
S250402G,노항우,칼라강판용,[913기반] GMA 5% + AA 3%,0.46630001068115234,0.45350000262260437,0.6818000078201294,0.9725000262260437,0.003700000001117587,7-8,-29.700000762939453,100.0,3.77E-03,,332.3299865722656,BA 72 / CHMA 20 / GMA 5 / AA 3,증류수 104.61wt%,KPS 0.32wt% ( 후첨 0.10wt% ),SR-1025 2.83wt%(초기 0.04wt%) / ER-10 0.15wt% / NH4OH 0.42wt%,4.75시간,83
S250402F,노항우,칼라강판용,[913기반] GMA 5% + AA 1% (재현),0.47049999237060547,0.4584999978542328,0.7656000256538391,0.9745000004768372,0.003700000001117587,7-8,-33.470001220703125,50.0,3.77E-03,,329.3800048828125,BA 74 / CHMA 20 / GMA 5 / AA 1,증류수 104.61wt%,KPS 0.32wt% ( 후첨 0.10wt% ),SR-1025 2.83wt%(초기 0.04wt%) / ER-10 0.15wt% / NH4OH 0.24wt%,4.75시간,83
S250401H,노항우,장기보관성개선,[911기반] SR-1025 1.25% + ER-10 0.1%,0.48739999532699585,0.4634000062942505,0.4496999979019165,0.9508000016212463,0.07959999889135361,8-9,-41.91999816894531,50.0,2.29E-03,,313.17999267578125,BA 89.7 / MMA 9 / AA 1.3,증류수 101.8wt%,KPS 0.33wt% ( 후첨 0.10wt% ),SR-1025 1.28wt%(초기 0.03wt%) / ER-10 0.10wt% / NaHCO3 0.06wt% / NH4OH 0.10wt%,4.75시간,83
S250401G,노항우,장기보관성개선,[911기반] SR-1025 1.25%,0.4862000048160553,0.46790000796318054,0.6244999766349792,0.9624000191688538,0.015399999916553497,8-9,-41.91999816894531,50.0,2.26E-03,,313.8900146484375,BA 89.7 / MMA 9 / AA 1.3,증류수 101.8wt%,KPS 0.33wt% ( 후첨 0.10wt% ),SR-1025 1.28wt%(초기 0.03wt%) / ER-10 0.08wt% / NaHCO3 0.06wt% / NH4OH 0.15wt%,4.75시간,83
S250401F,노항우,장기보관성개선,[911기반] ER-10 0.1%,0.4846000075340271,0.47350001335144043,0.6150000095367432,0.9771000146865845,0.01679999940097332,8-9,-41.91999816894531,100.0,2.52E-03,,315.70001220703125,BA 89.7 / MMA 9 / AA 1.3,증류수 101.8wt%,KPS 0.33wt% ( 후첨 0.10wt% ),SR-1025 1.50wt%(초기 0.03wt%) / ER-10 0.10wt% / NaHCO3 0.06wt% / NH4OH 0.17wt%,4.75시간,83
S250424H,노항우,칼라강판용,[913기반] GMA 5% + AA 3% + HDDA 0.25%,0.4706000089645386,0.4269999861717224,0.650600016117096,0.9074000120162964,0.0035000001080334187,8-9,,100.0,3.77E-03,,329.30999755859375,BA 71.75 / CHMA 20 / GMA 5 / AA 3 / HDDA 0.25,증류수 104.61wt%,KPS 0.32wt% ( 후첨 0.10wt% ),SR-1025 2.83wt%(초기 0.04wt%) / ER-10 0.15wt% / NH4OH 0.24wt%,4.75시간,83
S250424G,노항우,칼라강판용,[913기반] GMA 5% + AA 3% + BA:2-EHA = 1:1,0.4690999984741211,0.44769999384880066,0.7113000154495239,0.9544000029563904,0.0035000001080334187,8-9,-31.90999984741211,1350.0,3.77E-03,,330.3599853515625,BA 36 / 2-EHA 36 / CHMA 20 / GMA 5 / AA 3,증류수 104.61wt%,KPS 0.32wt% ( 후첨 0.10wt% ),SR-1025 2.83wt%(초기 0.04wt%) / ER-10 0.15wt% / NH4OH 0.30wt%,4.75시간,83
S250424F,이민지,재현검증,[910],0.4690999984741211,0.4325999915599823,0.6218000054359436,0.9222000241279602,0.016599999740719795,8-9,-40.040000915527344,40.0,4.14E-03,,330.2900085449219,BA 39.35 / 2-EHA 39.35 / CHMA 20 / AA 1.3,증류수 105.75wt%,KPS 0.32wt% ( 후첨 0.10wt% ),SR-1025 2.83wt%(초기 0.04wt%) / ER-10 0.15wt% / NH4OH 0.20wt%,4.75시간,83
S250423H,노항우,장기보관성개선,[909기반] HDDA 적용 : 0.5%,0.46970000863075256,0.44369998574256897,0.6930000185966492,0.944599986076355,0.03229999914765358,8-9,,50.0,4.14E-03,,329.8800048828125,BA 38.1 / 2-EHA 38.1 / IBOMA 20 / 2-HEMA 2 / AA 1.3 / HDDA 0.5,증류수 105.75wt%,KPS 0.32wt% ( 후첨 0.10wt% ),SR-1025 2.83wt%(초기 0.04wt%) / ER-10 0.15wt% / NH4OH 0.17wt%,4.75시간,83
S250423G,노항우,장기보관성개선,[909기반] HDDA 적용 : 0.35%,0.4697999954223633,0.42879998683929443,0.621999979019165,0.9126999974250793,0.057500001043081284,8-9,,200.0,4.14E-03,,329.8299865722656,BA 38.18 / 2-EHA 38.18 / IBOMA 20 / 2-HEMA 2 / AA 1.3 / HDDA 0.35,증류수 105.75wt%,KPS 0.32wt% ( 후첨 0.10wt% ),SR-1025 2.83wt%(초기 0.04wt%) / ER-10 0.15wt% / NH4OH 0.17wt%,4.75시간,83
S250423B,노항우,장기보관성개선,[911기반] AA 증량 : 2.5%,0.48399999737739563,0.47600001096725464,0.9872999787330627,0.9835000038146973,0.002099999925121665,8-9,-39.900001525878906,700.0,2.50E-03,,526.739990234375,BA 88.5 / MMA 9 / AA 2.5,증류수 101.8wt%,KPS 0.33wt% ( 후첨 0.10wt% ),SR-1025 1.50wt%(초기 0.03wt%) / ER-10 0.08wt% / NaHCO3 0.06wt% / NH4OH 0.20wt%,4.75시간,83
S250529C,이민지,난부착용,[917기반] 911 조성 + BMA 4.5% + BA>2-EHA,0.4675999879837036,0.4650999903678894,0.7263000011444092,0.994700014591217,0.004600000102072954,8-9,-63.22999954223633,50.0,3.77E-03,,332.7200012207031,2-EHA 94.2 / BMA 4.5 / AA 1.3 / NDM 0.4,증류수 105.75wt%,KPS 0.32wt% ( 후첨 0.10wt% ),SR-1025 2.85wt%(초기 0.04wt%) / ER-10 0.15wt% / NH4OH 0.21wt% / NH4OH(P/E) 3.24g,4.75시간,83
S250529B,이민지,난부착용,[917기반] 911 조성 + IBOA 4.5%,0.4677000045776367,0.4498000144958496,0.7450000047683716,0.9617000222206116,0.003700000001117587,8-9,-50.2400016784668,50.0,3.77E-03,,332.6199951171875,BA 94.2 / IBOA 4.5 / AA 1.3 / NDM 0.4,증류수 105.75wt%,KPS 0.32wt% ( 후첨 0.10wt% ),SR-1025 2.85wt%(초기 0.04wt%) / ER-10 0.15wt% / NH4OH 0.20wt% / NH4OH(P/E) 3.24g,4.75시간,83
S250529A,이민지,난부착용,[917기반] 911 조성 + LMA 4.5%,0.46790000796318054,0.45989999175071716,0.7368000149726868,0.9829000234603882,0.00279999990016222,8-9,-53.04999923706055,150.0,3.77E-03,,332.4800109863281,BA 94.2 / LMA 4.5 / AA 1.3 / NDM 0.4,증류수 105.75wt%,KPS 0.32wt% ( 후첨 0.10wt% ),SR-1025 2.85wt%(초기 0.04wt%) / ER-10 0.15wt% / NH4OH 0.20wt% / NH4OH(P/E) 3.24g,4.75시간,83
S250528B,이민지,난부착용,[917기반] 911 조성 + EMA 4.5%,0.4675000011920929,0.4514999985694885,0.7904999852180481,0.9657999873161316,0.0031999999191612005,8-9,-48.869998931884766,50.0,3.77E-03,,332.7900085449219,BA 94.2 / EMA 4.5 / AA 1.3 / NDM 0.4,증류수 105.75wt%,KPS 0.32wt% ( 후첨 0.10wt% ),SR-1025 2.85wt%(초기 0.04wt%) / ER-10 0.15wt% / NH4OH 0.21wt% / NH4OH(P/E) 3.24g,4.75시간,83
S250528A,이민지,난부착용,[917기반] 911 조성 + BMA 4.5%,0.4675000011920929,0.4528999924659729,0.777899980545044,0.9688000082969666,0.0031999999191612005,8-9,-50.529998779296875,100.0,3.77E-03,,332.80999755859375,BA 94.2 / BMA 4.5 / AA 1.3 / NDM 0.4,증류수 105.75wt%,KPS 0.32wt% ( 후첨 0.10wt% ),SR-1025 2.85wt%(초기 0.04wt%) / ER-10 0.15wt% / NH4OH 0.22wt% / NH4OH(P/E) 3.24g,4.75시간,83
S250527H,박다영,칼라강판용,[913기반] GMA 3% + AA 1% + CHMA 12% + BA:2-EHA=1:1,0.47189998626708984,0.46149998903274536,0.6859999895095825,0.9779999852180481,0.006899999920278788,8-9,-46.189998626708984,50.0,3.77E-03,,325.3800048828125,BA 42 / 2-EHA 42 / CHMA 12 / GMA 3 / AA 1,증류수 104.61wt%,KPS 0.32wt% ( 후첨 0.10wt% ),SR-1025 2.85wt%(초기 0.04wt%) / ER-10 0.15wt% / NH4OH 0.18wt%,4.75시간,83
S250527G,노항우,바이오모노머적용,[909기반] IBXA 30%,0.47029998898506165,0.41830000281333923,0.579800009727478,0.8894000053405762,0.0031999999191612005,8-9,,50.0,4.14E-03,,219.64999389648438,BA 33.35 / 2-EHA 33.35 / IBXA 30 / 2-HEMA 2 / AA 1.3,증류수 105.75wt%,KPS 0.32wt% ( 후첨 0.10wt% ),SR-1025 2.83wt%(초기 0.04wt%) / ER-10 0.15wt% / NH4OH 0.15wt%,4.75시간,83
S250526B,노항우,장기보관성개선,[911기반] MMA 0%,0.4837999939918518,0.4616999924182892,0.7279000282287598,0.9542999863624573,0.00989999994635582,8-9,-52.86000061035156,50.0,2.50E-03,,316.1400146484375,BA 98.7 / AA 1.3,증류수 101.8wt%,KPS 0.33wt% ( 후첨 0.10wt% ),SR-1025 1.50wt%(초기 0.03wt%) / ER-10 0.08wt% / NaHCO3 0.06wt% / NH4OH 0.20wt%,4.75시간,83
S250526A,노항우,장기보관성개선,[919기반] CHMA 15%,0.4690999984741211,0.42149999737739563,0.6003999710083008,0.8985000252723694,0.07689999788999557,8-9,,50.0,4.14E-03,,330.30999755859375,BA 41.48 / 2-EHA 41.48 / CHMA 15 / AA 1.3 / HDDA 0.75,증류수 105.75wt%,KPS 0.32wt% ( 후첨 0.10wt% ),SR-1025 2.83wt%(초기 0.04wt%) / ER-10 0.15wt% / NH4OH 0.20wt%,4.75시간,83
S250523G,박다영,칼라강판용,[913기반] GMA 3% + AA 1% + CHMA 5% + BA:2-EHA=1:1,0.4715999960899353,0.46050000190734863,0.7307000160217285,0.9764999747276306,0.032099999487400055,8-9,-52.790000915527344,25.0,3.77E-03,,328.6499938964844,BA 45.5 / 2-EHA 45.5 / CHMA 5 / GMA 3 / AA 1,증류수 104.61wt%,KPS 0.32wt% ( 후첨 0.10wt% ),SR-1025 2.85wt%(초기 0.04wt%) / ER-10 0.15wt% / NH4OH 0.20wt%,4.75시간,83
S250523F,노항우,장기보관성개선,[919기반] CHMA 15% : NG(저고형분),0.4738999903202057,,,,,,,,4.14E-03,,326.9800109863281,BA 41.48 / 2-EHA 41.48 / CHMA 15 / AA 1.3 / HDDA 0.75,증류수 105.75wt%,KPS 0.32wt% ( 후첨 0.10wt% ),SR-1025 2.83wt%(초기 0.04wt%) / ER-10 0.15wt% / NH4OH 0.wt%,4.75시간,83
S250521H,노항우,바이오모노머적용,[909기반] IBXA 30% : NG(저고형분),0.4738999903202057,0.3646000027656555,,,,,,,4.14E-03,,217.97999572753906,BA 33.35 / 2-EHA 33.35 / IBXA 30 / 2-HEMA 2 / AA 1.3,증류수 105.75wt%,KPS 0.32wt% ( 후첨 0.10wt% ),SR-1025 2.83wt%(초기 0.04wt%) / ER-10 0.15wt% / NH4OH 0.wt%,4.75시간,83
S250520A,이민지,장기보관성개선,[911기반] EMA 4.5wt% + HDDA 0.75% : NG,0.483599990606308,0.4505999982357025,0.6492000222206116,0.9318000078201294,0.0010999999940395355,8-9,,50.0,2.50E-03,,316.2900085449219,BA 93.45 / EMA 4.5 / AA 1.3 / HDDA 0.75,증류수 101.8wt%,KPS 0.33wt% ( 후첨 0.10wt% ),SR-1025 1.50wt%(초기 0.03wt%) / ER-10 0.08wt% / NaHCO3 0.06wt% / NH4OH 0.21wt%,4.75시간,83
S250519H,노항우,난부착용,[917기반] 911 조성,0.46720001101493835,0.4375,0.7728000283241272,0.9363999962806702,0.0015999999595806003,8-9,,25.0,3.77E-03,,333.0199890136719,BA 89.7 / MMA 9 / AA 1.3 / NDM 0.4,증류수 105.75wt%,KPS 0.32wt% ( 후첨 0.10wt% ),SR-1025 2.85wt%(초기 0.04wt%) / ER-10 0.15wt% / NH4OH 0.23wt% / NH4OH(P/E) 3.24g,4.75시간,83
S250519G,박다영,칼라강판용,[913기반] GMA 3% + AA 1% + CHMA 5% + HDDA 0.75%,0.4713999927043915,0.4499000012874603,0.7473999857902527,0.9544000029563904,0.03350000083446503,8-9,,25.0,3.77E-03,,328.7799987792969,BA 90.25 / CHMA 5 / GMA 3 / AA 1 / HDDA 0.75,증류수 104.61wt%,KPS 0.32wt% ( 후첨 0.10wt% ),SR-1025 2.85wt%(초기 0.04wt%) / ER-10 0.15wt% / NH4OH 0.20wt%,4.75시간,83
S250519C,이민지,장기보관성개선,[911기반] EA 4.5wt% + HDDA 0.75%,0.4832000136375427,0.447299987077713,0.694599986076355,0.9257000088691711,0.11029999703168869,8-9,,50.0,2.50E-03,,316.5199890136719,BA 93.45 / EA 4.5 / AA 1.3 / HDDA 0.75,증류수 101.8wt%,KPS 0.33wt% ( 후첨 0.10wt% ),SR-1025 1.50wt%(초기 0.03wt%) / ER-10 0.08wt% / NaHCO3 0.06wt% / NH4OH 0.23wt%,4.75시간,83
S250519B,이민지,장기보관성개선,[911기반] EMA 4.5wt% + HDDA 0.75% : NG(응집),0.48899999260902405,,,,,,,,2.50E-03,,312.7699890136719,BA 93.45 / EMA 4.5 / AA 1.3 / HDDA 0.75,증류수 101.8wt%,KPS 0.33wt% ( 후첨 0.10wt% ),SR-1025 1.50wt%(초기 0.03wt%) / ER-10 0.08wt% / NaHCO3 0.06wt%,4.75시간,83
S250519A,이민지,장기보관성개선,[911기반] MMA 4.5wt% + HDDA 0.75%,0.48330000042915344,0.4553000032901764,0.4553000032901764,0.9420999884605408,0.09600000083446503,8-9,,50.0,2.50E-03,,316.4800109863281,BA 93.45 / MMA 4.5 / AA 1.3 / HDDA 0.75,증류수 101.8wt%,KPS 0.33wt% ( 후첨 0.10wt% ),SR-1025 1.50wt%(초기 0.03wt%) / ER-10 0.08wt% / NaHCO3 0.06wt% / NH4OH 0.22wt%,4.75시간,83
S250516H,노항우,장기보관성개선,[919기반] CHMA 10%,0.4690000116825104,0.4311999976634979,0.697700023651123,0.9193999767303467,0.06400000303983688,8-9,,25.0,4.14E-03,,330.3500061035156,BA 43.98 / 2-EHA 43.98 / CHMA 10 / AA 1.3 / HDDA 0.75,증류수 105.75wt%,KPS 0.32wt% ( 후첨 0.10wt% ),SR-1025 2.83wt%(초기 0.04wt%) / ER-10 0.15wt% / NH4OH 0.wt%,4.75시간,83
S250516G,노항우,장기보관성개선,[919],0.4690000116825104,0.42899999022483826,0.6326000094413757,0.9146999716758728,0.07829999923706055,8-9,,25.0,4.14E-03,,330.3500061035156,BA 38.98 / 2-EHA 38.98 / CHMA 20 / AA 1.3 / HDDA 0.75,증류수 105.75wt%,KPS 0.32wt% ( 후첨 0.10wt% ),SR-1025 2.83wt%(초기 0.04wt%) / ER-10 0.15wt% / NH4OH 0.wt%,4.75시간,83
S250609A,이민지,난부착용,[917기반] 911 조성 + MMA 0% + NDM 0.1%,0.46619999408721924,0.44279998540878296,0.7360000014305115,0.9498000144958496,0.000699999975040555,8-9,-52.86000061035156,40.0,3.77E-03,,332.739990234375,BA 98.7 / AA 1.3 / NDM 0.1,증류수 105.75wt%,KPS 0.32wt% ( 후첨 0.10wt% ),SR-1025 2.85wt%(초기 0.04wt%) / ER-10 0.15wt% / NH4OH 0.24wt% / NH4OH(P/E) 3.233g,4.75시간,83
S250609B,이민지,난부착용,[917기반] 911 조성 + IBOA 4.5% + NDM 0.2%,0.4666000008583069,0.4456999897956848,0.7384999990463257,0.9552000164985657,0.0020000000949949026,8-9,-50.2400016784668,40.0,3.77E-03,,332.4599914550781,BA 94.2 / IBOA 4.5 / AA 1.3 / NDM 0.1,증류수 105.75wt%,KPS 0.32wt% ( 후첨 0.10wt% ),SR-1025 2.85wt%(초기 0.04wt%) / ER-10 0.15wt% / NH4OH 0.22wt% / NH4OH(P/E) 3.233g,4.75시간,83
S250609C,이민지,난부착용,[917기반] 911 조성 + MMA 4.5% + NDM 0.2%,0.46639999747276306,0.45179998874664307,0.7450000047683716,0.9686999917030334,0.0006000000284984708,8-9,-47.45000076293945,40.0,3.77E-03,,332.6000061035156,BA 94.2 / MMA 4.5 / AA 1.3 / NDM 0.1,증류수 105.75wt%,KPS 0.32wt% ( 후첨 0.10wt% ),SR-1025 2.85wt%(초기 0.04wt%) / ER-10 0.15wt% / NH4OH 0.23wt% / NH4OH(P/E) 3.233g,4.75시간,83
S250609F,이민지,난부착용,[917기반] 911 조성 + EMA 4.5% + AA 0.5% + NDM 0.2%,0.46639999747276306,0.4526999890804291,0.73580002784729,0.9706000089645386,0.002300000051036477,8-9,-50.209999084472656,50.0,3.77E-03,,332.6199951171875,BA 94.2 / EMA 4.5 / AA 0.5 / NDM 0.1,증류수 105.75wt%,KPS 0.32wt% ( 후첨 0.10wt% ),SR-1025 2.85wt%(초기 0.04wt%) / ER-10 0.15wt% / NH4OH 0.23wt% / NH4OH(P/E) 3.233g,4.75시간,83
S250609G,이민지,난부착용,[917기반] 911 조성 + EMA 4.5% + AA 1.3% + 2-HEMA 2% + NDM 0.2%,0.4659999907016754,0.44999998807907104,0.7656999826431274,0.9656999707221985,0.002400000113993883,8-9,-47.36000061035156,100.0,3.77E-03,,332.9100036621094,BA 92.2 / EMA 4.5 / 2-HEMA 2 / AA 0.5 / NDM 0.1,증류수 105.75wt%,KPS 0.32wt% ( 후첨 0.10wt% ),SR-1025 2.85wt%(초기 0.04wt%) / ER-10 0.15wt% / NH4OH 0.25wt% / NH4OH(P/E) 3.231g,4.75시간,83
S250605H,노항우,논문데이터용,[911기반] SR-1025 2.5% + MMA12/BMA5/AA1,0.48089998960494995,0.46869999170303345,0.7664999961853027,0.9746000170707703,0.0005000000237487257,8-9,-35.7400016784668,50.0,3.58E-03,,642.3099975585938,BA 82 / MMA 12 / BMA 5 / AA 1,증류수 101.8wt%,KPS 0.33wt% ( 후첨 0.10wt% ),SR-1025 2.50wt%(초기 0.03wt%) / ER-10 0.08wt% / NaHCO3 0.06wt% / NH4OH 0.14wt%,4.75시간,83
S250611A,노항우,논문데이터용,[911기반] SR-1025 2.5% + MMA12/BMA5/AA2,0.47929999232292175,0.4659999907016754,0.7383999824523926,0.9722999930381775,0.006000000052154064,8-9,-34.02000045776367,50.0,3.57E-03,,322.260009765625,BA 81 / MMA 12 / BMA 5 / AA 2,증류수 101.8wt%,KPS 0.33wt% ( 후첨 0.10wt% ),SR-1025 2.50wt%(초기 0.03wt%) / ER-10 0.08wt% / NaHCO3 0.06wt% / NH4OH 0.21wt%,4.75시간,83
S250611B,노항우,논문데이터용,[911기반] SR-1025 2.5% + MMA12/BMA5/AA5,0.4740000069141388,0.45669999718666077,0.6960999965667725,0.9635000228881836,0.014600000344216824,8-9,-28.850000381469727,5100.0,3.57E-03,,325.82000732421875,BA 78 / MMA 12 / BMA 5 / AA 5,증류수 101.8wt%,KPS 0.33wt% ( 후첨 0.10wt% ),SR-1025 2.50wt%(초기 0.03wt%) / ER-10 0.08wt% / NaHCO3 0.06wt% / NH4OH 0.42wt%,4.75시간,83
S250611G,노항우,레이저컷팅용,[911기반] 주모노머 변경 ( BA > BMA ),0.48899999260902405,,,,,,29.969999313354492,,2.50E-03,,312.760009765625,BMA 89.7 / MMA 9 / AA 1.3,증류수 101.8wt%,KPS 0.33wt% ( 후첨 0.10wt% ),SR-1025 1.50wt%(초기 0.03wt%) / ER-10 0.08wt% / NaHCO3 0.06wt%,4.75시간,83
S250611H,노항우,레이저컷팅용,[911기반] 주모노머 변경 ( BA > EA ),0.4853000044822693,0.45019999146461487,0.6119999885559082,0.9276999831199646,0.014499999582767487,8-9,-14.510000228881836,,2.50E-03,,315.19000244140625,EA 89.7 / MMA 9 / AA 1.3,증류수 101.8wt%,KPS 0.33wt% ( 후첨 0.10wt% ),SR-1025 2.50wt%(초기 0.03wt%) / ER-10 0.08wt% / NaHCO3 0.06wt% / NH4OH 0.15wt%,4.75시간,83
S250612A,이민지,난부착용,[917기반] 911 조성 + IBOA 4.5% + NDM 0%,0.47040000557899475,0.46059998869895935,0.7581999897956848,0.979200005531311,0.01360000018030405,8-9,-50.2400016784668,80.0,3.77E-03,,329.42999267578125,BA 94.2 / IBOA 4.5 / AA 1.3,증류수 105.75wt%,KPS 0.32wt% ( 후첨 0.10wt% ),SR-1025 2.85wt%(초기 0.04wt%) / ER-10 0.15wt% / NH4OH 0.24wt%,4.75시간,83
S250612B,이민지,난부착용,[917기반] 911 조성 + IBOA 4.5% + 2HEMA 2% + NDM 0%,0.4706999957561493,0.4627000093460083,0.7592999935150146,0.9829999804496765,0.007600000128149986,8-9,-48.709999084472656,80.0,3.77E-03,,329.260009765625,BA 92.2 / IBOA 4.5 / 2-HEMA 2 / AA 1.3,증류수 105.75wt%,KPS 0.32wt% ( 후첨 0.10wt% ),SR-1025 2.85wt%(초기 0.04wt%) / ER-10 0.15wt% / NH4OH 0.23wt%,4.75시간,83
S250612C,이민지,난부착용,[917기반] 911 조성 + IBOA 4.5% + 2HEMA 2% + NDM 0.1%,0.46639999747276306,0.4584999978542328,0.753600001335144,0.9830999970436096,0.0032999999821186066,8-9,,120.0,3.77E-03,,332.6099853515625,BA 92.2 / IBOA 4.5 / 2-HEMA 2 / AA 1.3 / NDM 0.1,증류수 105.75wt%,KPS 0.32wt% ( 후첨 0.10wt% ),SR-1025 2.85wt%(초기 0.04wt%) / ER-10 0.15wt% / NH4OH 0.23wt% / NH4OH(P/E) 3.231g,4.75시간,83
S250612G,노항우,바이오모노머적용,[911기반] 주모노머 변경 ( BA > NOAA ),0.484499990940094,0.4390000104904175,0.6735000014305115,0.9060999751091003,0.013299999758601189,8-9,,25.0,2.50E-03,,315.67999267578125,NOAA 89.7 / MMA 9 / AA 1.3,증류수 101.8wt%,KPS 0.33wt% ( 후첨 0.10wt% ),SR-1025 1.50wt%(초기 0.03wt%) / ER-10 0.08wt% / NaHCO3 0.06wt% / NH4OH 0.18wt%,4.75시간,83
S250612H,노항우,바이오모노머적용,[911기반] 주모노머 변경 ( BA > Visvoat #184 ),0.4846000075340271,0.4636000096797943,0.6686999797821045,0.9567000269889832,0.006500000134110451,8-9,,25.0,2.50E-03,,315.6499938964844,Visvoat#184 89.7 / MMA 9 / AA 1.3,증류수 101.8wt%,KPS 0.33wt% ( 후첨 0.10wt% ),SR-1025 1.50wt%(초기 0.03wt%) / ER-10 0.08wt% / NaHCO3 0.06wt% / NH4OH 0.17wt%,4.75시간,83
S250616A,이민지,난부착용,[917기반] 911 조성 + NDM 0.1,0.46639999747276306,0.4603999853134155,0.7455000281333923,0.9871000051498413,0.016599999740719795,8-9,-41.91999816894531,100.0,3.77E-03,,332.5799865722656,BA 89.7 / MMA 9 / AA 1.3 / NDM 0.1,증류수 105.75wt%,KPS 0.32wt% ( 후첨 0.10wt% ),SR-1025 2.85wt%(초기 0.04wt%) / ER-10 0.15wt% / NH4OH 0.23wt% / NH4OH(P/E) 3.231g,4.75시간,83
S250616B,이민지,난부착용,[917기반] 911 조성 + MMA 4.5% + NDM 0.1,0.46650001406669617,0.4528999924659729,0.7493000030517578,0.97079998254776,0.0015999999595806003,8-9,-47.45000076293945,50.0,3.77E-03,,332.510009765625,BA 94.2 / MMA 4.5 / AA 1.3 / NDM 0.1,증류수 105.75wt%,KPS 0.32wt% ( 후첨 0.10wt% ),SR-1025 2.85wt%(초기 0.04wt%) / ER-10 0.15wt% / NH4OH 0.23wt% / NH4OH(P/E) 3.231g,4.75시간,83
S250617A,이민지,난부착용,[917기반] 911 조성 + 2-HEMA 2%,0.47189998626708984,0.45019999146461487,0.733299970626831,0.9539999961853027,0.004600000102072954,8-9,-40.34000015258789,80.0,3.77E-03,,328.3800048828125,BA 87.7 / MMA 9 / 2-HEMA 2 / AA 1.3,증류수 105.75wt%,KPS 0.32wt% ( 후첨 0.10wt% ),SR-1025 2.85wt%(초기 0.04wt%) / ER-10 0.15wt% / NH4OH 0.18wt%,4.75시간,83
S250617B,이민지,난부착용,[917기반] 911 조성 + MMA 4.5% + 2-HEMA 2%,0.47049999237060547,0.4616999924182892,0.7652999758720398,0.9812999963760376,0.006200000178068876,8-9,-45.93000030517578,70.0,3.95E-03,,328.3800048828125,BA 92.2 / MMA 4.5 / 2-HEMA 2 / AA 1.3,증류수 105.75wt%,KPS 0.32wt% ( 후첨 0.10wt% ),SR-1025 2.85wt%(초기 0.04wt%) / ER-10 0.15wt% / NH4OH 0.18wt%,4.75시간,83
S250617C,이민지,난부착용,[917기반] 911 조성 + 2-HEMA 2% + NDM 0.1%,0.4677000045776367,0.4490000009536743,0.6995999813079834,0.9599999785423279,0.0031999999191612005,8-9,-40.34000015258789,90.0,3.77E-03,,331.7099914550781,BA 87.7 / MMA 9 / 2-HEMA 2 / AA 1.3 / NDM 0.1,증류수 105.75wt%,KPS 0.32wt% ( 후첨 0.10wt% ),SR-1025 2.85wt%(초기 0.04wt%) / ER-10 0.15wt% / NH4OH 0.18wt% / NH4OH(P/E) 3.186g,4.75시간,83
S250617D,이민지,난부착용=921,[917기반] 911 조성 + MMA 4.5% + 2-HEMA 2% + NDM 0.1% = 921,0.4677000045776367,0.4514999985694885,0.6446999907493591,0.965399980545044,0.006500000134110451,8-9,-45.93000030517578,100.0,3.77E-03,,331.7099914550781,BA 92.2 / MMA 4.5 / 2-HEMA 2 / AA 1.3 / NDM 0.1,증류수 105.75wt%,KPS 0.32wt% ( 후첨 0.10wt% ),SR-1025 2.85wt%(초기 0.04wt%) / ER-10 0.15wt% / NH4OH 0.18wt% / NH4OH(P/E) 3.186g,4.75시간,83
S250613F,노항우,바이오모노머적용,[913기반] 부모노머 변경 ( CHMA > MEDOL-10 ) : NG(응집),0.4738999903202057,,,,,,,,4.14E-03,,326.9700012207031,BA 78.7 / MEDOL-10 20 / AA 1.3,증류수 104.61wt%,KPS 0.32wt% ( 후첨 0.10wt% ),SR-1025 2.83wt%(초기 0.04wt%) / ER-10 0.15wt%,4.75시간,83
S250613G,노항우,바이오모노머적용,[913기반] 부모노머 변경 ( CHMA > IBOA ),0.4691999852657318,0.4603999853134155,0.6855000257492065,0.9811999797821045,0.004399999976158142,8-9,-39.91999816894531,50.0,4.14E-03,,330.260009765625,BA 78.7 / IBOA 20 / AA 1.3,증류수 104.61wt%,KPS 0.32wt% ( 후첨 0.10wt% ),SR-1025 2.83wt%(초기 0.04wt%) / ER-10 0.15wt% / NH4OH 0.20wt%,4.75시간,83
S250613H,노항우,바이오모노머적용,[913기반] 부모노머 변경 ( CHMA > IBOMA ),0.4700999855995178,0.4390000104904175,0.4643999934196472,0.9337999820709229,0.13079999387264252,8-9,-40.0,50.0,4.14E-03,,329.6199951171875,BA 78.7 / IBOMA 20 / AA 1.3,증류수 104.61wt%,KPS 0.32wt% ( 후첨 0.10wt% ),SR-1025 2.83wt%(초기 0.04wt%) / ER-10 0.15wt% / NH4OH 0.16wt%,4.75시간,83
S250624G,이민지,장기보관성개선,[920기반] S250519A 재합성,0.48399999737739563,0.46230000257492065,0.7383000254631042,0.9552000164985657,0.05700000002980232,8-9,,40.0,2.50E-03,,316.0199890136719,BA 93.45 / MMA 4.5 / AA 1.3 / HDDA 0.75,증류수 101.8wt%,KPS 0.33wt% ( 후첨 0.10wt% ),SR-1025 1.50wt%(초기 0.03wt%) / ER-10 0.08wt% / NaHCO3 0.06wt% / NH4OH 0.20wt%,4.75시간,83
S250624H,이민지,난부착용,[917기반] S250617D 재합성,0.4668999910354614,0.453900009393692,0.7480999827384949,0.9721999764442444,0.004800000227987766,8-9,,120.0,2.50E-03,,332.2099914550781,BA 92.2 / MMA 4.5 / 2-HEMA 2 / AA 1.3 / NDM 0.1,증류수 105.75wt%,KPS 0.32wt% ( 후첨 0.10wt% ),SR-1025 2.85wt%(초기 0.04wt%) / ER-10 0.15wt% / NH4OH 0.21wt% / NH4OH(P/E) 3.186g,4.75시간,83
S250619G,노항우,장기보관성개선,[920기반] 주모노머 변경 ( BA > NOAA ),0.48399999737739563,0.46299999952316284,0.6001999974250793,0.95660001039505,0.03539999946951866,8-9,,50.0,2.50E-03,,316.010009765625,NOAA 94.2 / MMA 4.5 / AA 1.3,증류수 101.8wt%,KPS 0.33wt% ( 후첨 0.10wt% ),SR-1025 1.50wt%(초기 0.03wt%) / ER-10 0.08wt% / NaHCO3 0.06wt% / NH4OH 0.20wt%,4.75시간,83
S250619H,노항우,장기보관성개선,[920기반] 주모노머 변경 ( BA : NOAA = 1 : 1 ),0.48510000109672546,0.4250999987125397,0.5494999885559082,0.8762999773025513,0.01759999990463257,8-9,,50.0,2.50E-03,,315.3299865722656,BA 47.1 / NOAA 47.1 / MMA 4.5 / AA 1.3,증류수 101.8wt%,KPS 0.33wt% ( 후첨 0.10wt% ),SR-1025 1.50wt%(초기 0.03wt%) / ER-10 0.08wt% / NaHCO3 0.06wt% / NH4OH 0.15wt%,4.75시간,83
S250617F,노항우,바이오모노머적용,[913기반] 부모노머 변경 ( CHMA > MEDOL-10 : 2차 ) : NG(응집),0.4738999903202057,,,,,,,,4.14E-03,,326.9700012207031,BA 78.7 / MEDOL-10 20 / AA 1.3,증류수 105.75wt%,KPS 0.32wt% ( 후첨 0.10wt% ),SR-1025 2.83wt%(초기 0.04wt%) / ER-10 0.15wt% / NH4OH 0.19wt%,4.75시간,83
S250617G,노항우,바이오모노머적용,[918기반] EMA 10% 추가 첨가,0.46959999203681946,0.4088999927043915,0.6118999719619751,0.8707000017166138,0.0035000001080334187,8-9,,50.0,4.14E-03,,329.9800109863281,BA 32.98 / 2-EHA 32.98 / IBOMA 20 / EMA 10 / 2-HEMA 2 / AA 1.3 / HDDA 0.75,증류수 105.75wt%,KPS 0.32wt% ( 후첨 0.10wt% ),SR-1025 2.83wt%(초기 0.04wt%) / ER-10 0.15wt% / NH4OH 0.18wt%,4.75시간,83
S250617H,노항우,바이오모노머적용,[918기반] MMA 10% 추가 첨가,0.46939998865127563,0.436599999666214,0.7120000123977661,0.9301000237464905,0.0010999999940395355,8-9,,50.0,4.14E-03,,330.1199951171875,BA 32.98 / 2-EHA 32.98 / IBOMA 20 / MMA 10 / 2-HEMA 2 / AA 1.3 / HDDA 0.75,증류수 105.75wt%,KPS 0.32wt% ( 후첨 0.10wt% ),SR-1025 2.83wt%(초기 0.04wt%) / ER-10 0.15wt% / NH4OH 0.19wt%,4.75시간,83
S250709A,정주현,WPVC대체용,[913기반] HDDA 0.75%,0.46619999408721924,0.4194999933242798,0.45579999685287476,0.8998000025749207,0.12120000272989273,8-9,,40.0,4.14E-03,,329.9700012207031,BA 77.95 / CHMA 20 / AA 1.3 / HDDA 0.75,증류수 105.75wt%,KPS 0.32wt% ( 후첨 0.10wt% ),SR-1025 2.83wt%(초기 0.04wt%) / ER-10 0.15wt% / NH4OH 0.18wt%,4.75시간,83
S250709B,정주현,WPVC대체용,[913기반] HDDA 0.75% + CHMA 10%,0.46619999408721924,0.4162999987602234,0.4521999955177307,0.9700000286102295,0.024900000542402267,8-9,,100.0,4.14E-03,,329.9700012207031,BA 87.95 / CHMA 10 / AA 1.3 / HDDA 0.75,증류수 105.75wt%,KPS 0.32wt% ( 후첨 0.10wt% ),SR-1025 2.83wt%(초기 0.04wt%) / ER-10 0.15wt% / NH4OH 0.18wt%,4.75시간,83
S250709C,정주현,WPVC대체용,[913기반] HDDA 0.75% + CHMA > IBOA 20%,0.46619999408721924,0.40209999680519104,0.39399999380111694,0.862500011920929,0.10360000282526016,8-9,,40.0,4.14E-03,,329.9700012207031,BA 77.95 / IBOA 20 / AA 1.3 / HDDA 0.75,증류수 105.75wt%,KPS 0.32wt% ( 후첨 0.10wt% ),SR-1025 2.83wt%(초기 0.04wt%) / ER-10 0.15wt% / NH4OH 0.18wt%,4.75시간,83
S250709D,정주현,WPVC대체용,[913기반] HDDA 0.75% + CHMA > IBOA 10%,0.46619999408721924,0.4311999976634979,0.659500002861023,0.9248999953269958,0.04019999876618385,8-9,,40.0,4.14E-03,,329.9700012207031,BA 87.95 / IBOA 10 / AA 1.3 / HDDA 0.75,증류수 105.75wt%,KPS 0.32wt% ( 후첨 0.10wt% ),SR-1025 2.83wt%(초기 0.04wt%) / ER-10 0.15wt% / NH4OH 0.18wt%,4.75시간,83
S250714A,이민지,딥드로잉용,[919기반] 2-HEMA 2%,0.46790000796318054,0.454800009727478,0.7432000041007996,0.972000002861023,0.00559999980032444,8-9,,50.0,4.14E-03,,331.2099914550781,BA 37.98 / 2-EHA 37.98 / CHMA 20 / AA 1.3 / 2-HEMA 2 / HDDA 0.75,증류수 105.75wt%,KPS 0.32wt% ( 후첨 0.10wt% ),SR-1025 2.83wt%(초기 0.04wt%) / ER-10 0.15wt% / NH4OH 0.25wt%,4.75시간,83
S250714B,이민지,딥드로잉용,[919기반] 2-HEMA 2% + BA 단독,0.4684000015258789,0.4390999972820282,0.6639000177383423,0.9373999834060669,0.07980000227689743,8-9,,50.0,4.14E-03,,330.80999755859375,BA 75.95 / CHMA 20 / AA 1.3 / 2-HEMA 2 / HDDA 0.75,증류수 105.75wt%,KPS 0.32wt% ( 후첨 0.10wt% ),SR-1025 2.83wt%(초기 0.04wt%) / ER-10 0.15wt% / NH4OH 0.25wt%,4.75시간,83
S250623H,노항우,약점용,[919기반] CHMA 배제,0.46959999203681946,0.4498000144958496,0.6571999788284302,0.9577999711036682,0.032099999487400055,8-9,,50.0,4.14E-03,,329.9800109863281,BA 48.98 / 2-EHA 48.98 / AA 1.3 / HDDA 0.75,증류수 105.75wt%,KPS 0.32wt% ( 후첨 0.10wt% ),SR-1025 2.83wt%(초기 0.04wt%) / ER-10 0.15wt% / NH4OH 0.18wt%,4.75시간,83
S250623G,노항우,약점용,[919기반] CHMA > MA,0.4699999988079071,0.4478999972343445,0.6137999892234802,0.953000009059906,0.019999999552965164,8-9,,50.0,4.14E-03,,329.69000244140625,BA 38.98 / 2-EHA 38.98 / MA 20 / AA 1.3 / HDDA 0.75,증류수 105.75wt%,KPS 0.32wt% ( 후첨 0.10wt% ),SR-1025 2.83wt%(초기 0.04wt%) / ER-10 0.15wt% / NH4OH 0.16wt%,4.75시간,83
S250623F,노항우,약점용,[919기반] CHMA > EMA,0.46959999203681946,0.430400013923645,0.6665999889373779,0.9164999723434448,0.04749999940395355,8-9,,50.0,4.14E-03,,329.9700012207031,BA 38.98 / 2-EHA 38.98 / EMA 20 / AA 1.3 / HDDA 0.75,증류수 105.75wt%,KPS 0.32wt% ( 후첨 0.10wt% ),SR-1025 2.83wt%(초기 0.04wt%) / ER-10 0.15wt% / NH4OH 0.18wt%,4.75시간,83
S250704H,노항우,국책과제용,[911기반] EA 적용,0.484499990940094,0.45320001244544983,0.4772000014781952,0.9354000091552734,0.1006999984383583,8-9,,,2.50E-03,,315.7200012207031,BA 89.7 / EA 9 / AA 1.3,증류수 101.8wt%,KPS 0.33wt% ( 후첨 0.10wt% ),SR-1025 1.50wt%(초기 0.03wt%) / ER-10 0.08wt% / NaHCO3 0.06wt% / NH4OH 0.18wt%,4.75시간,83
S250704G,노항우,국책과제용,[911기반] MEDOL-10 적용,0.4844000041484833,0.4494999945163727,0.6323000192642212,0.9279999732971191,0.025100000202655792,8-9,,,2.50E-03,,315.760009765625,BA 89.7 / MEDOL-10 9 / AA 1.3,증류수 101.8wt%,KPS 0.33wt% ( 후첨 0.10wt% ),SR-1025 1.50wt%(초기 0.03wt%) / ER-10 0.08wt% / NaHCO3 0.06wt% / NH4OH 0.18wt%,4.75시간,83
S250702H,노항우,약점용,[919기반] BA 단독 + EMA 40% + AA 5%,0.4498000144958496,0.4302000105381012,0.676800012588501,0.9563999772071838,0.01360000018030405,,,10000.0,4.14E-03,,,BA 54.25 / EMA 40 / AA 5 / HDDA 0.75,증류수 105.75wt%,KPS 0.32wt% ( 후첨 0.10wt% ),SR-1025 2.83wt%(초기 0.04wt%) / ER-10 0.15wt% / NH4OH 1.05wt%,4.75시간,83
S250702G,노항우,약점용,[919기반] BA 단독 + MMA 40% + AA 5%,0.450300008058548,0.43479999899864197,0.7337999939918518,0.9656000137329102,0.007300000172108412,,,10000.0,4.14E-03,,,BA 54.25 / MMA 40 / AA 5 / HDDA 0.75,증류수 105.75wt%,KPS 0.32wt% ( 후첨 0.10wt% ),SR-1025 2.83wt%(초기 0.04wt%) / ER-10 0.15wt% / NH4OH 1.03wt%,4.75시간,83
S250702F,노항우,약점용,[919기반] BA 단독 + MMA 20% + AA 5%,0.450300008058548,0.43849998712539673,0.7506999969482422,0.973800003528595,0.013799999840557575,,,10000.0,4.14E-03,,,BA 74.25 / MMA 20 / AA 5 / HDDA 0.75,증류수 105.75wt%,KPS 0.32wt% ( 후첨 0.10wt% ),SR-1025 2.83wt%(초기 0.04wt%) / ER-10 0.15wt% / NH4OH 1.03wt%,4.75시간,83
S250710H,노항우,약점용,[919기반] BA 단독 + MMA 60% + AA 5% + 고형분 30%,0.29980000853538513,0.2985999882221222,0.9158999919891357,0.9959999918937683,0.0017999999690800905,7-8,,25.0,3.67E-03,,516.8900146484375,BA 34.25 / MMA 60 / AA 5 / HDDA 0.75,증류수 105.75wt%,KPS 0.32wt% ( 후첨 0.10wt% ),SR-1025 2.83wt%(초기 0.04wt%) / ER-10 0.15wt% / NH4OH 0.60wt%,4.75시간,83
S250710G,노항우,약점용,[919기반] BA 단독 + MMA 40% + AA 5% + 고형분 30%,0.2996000051498413,0.3075000047683716,0.9122999906539917,1.0263999700546265,0.0017000000225380063,7-8,,25.0,3.67E-03,,517.1099853515625,BA 54.25 / MMA 40 / AA 5 / HDDA 0.75,증류수 105.75wt%,KPS 0.32wt% ( 후첨 0.10wt% ),SR-1025 2.83wt%(초기 0.04wt%) / ER-10 0.15wt% / NH4OH 0.61wt%,4.75시간,83
S250717H,정주현,WPVC대체용,[913기반] HDDA 0.75% + 2-HEMA 2% + CHMA>IBOA,0.4681999981403351,0.45419999957084656,,0.9700999855995178,0.05469999834895134,8-9,,40.0,4.14E-03,,330.9700012207031,BA 75.95 / IBOA 20 / AA 1.3 / 2-HEMA 2 / HDDA 0.75,증류수 105.75wt%,KPS 0.32wt% ( 후첨 0.10wt% ),SR-1025 2.83wt%(초기 0.04wt%) / ER-10 0.15wt% / NH4OH 0.24wt%,4.75시간,83
S250717G,정주현,WPVC대체용,[913기반] HDDA 0.75% + 2-HEMA 2% + CHMA 10%,0.4681999981403351,0.4390999972820282,,0.9377999901771545,0.017400000244379044,8-9,,40.0,4.14E-03,,330.9700012207031,BA 85.95 / CHMA 10 / AA 1.3 / 2-HEMA 2 / HDDA 0.75,증류수 105.75wt%,KPS 0.32wt% ( 후첨 0.10wt% ),SR-1025 2.83wt%(초기 0.04wt%) / ER-10 0.15wt% / NH4OH 0.24wt%,4.75시간,83
S250717F,정주현,WPVC대체용,[913기반] HDDA 0.75% + 2-HEMA 2%,0.4681999981403351,0.438400000333786,,0.9363999962806702,0.027300000190734863,8-9,,125.0,4.14E-03,,330.9700012207031,BA 75.95 / CHMA 20 / AA 1.3 / 2-HEMA 2 / HDDA 0.75,증류수 105.75wt%,KPS 0.32wt% ( 후첨 0.10wt% ),SR-1025 2.83wt%(초기 0.04wt%) / ER-10 0.15wt% / NH4OH 0.24wt%,4.75시간,83
S250717E,이민지,딥드로잉용,[918기반] 2-HEMA 0% + BA:2-EHA=3:7,0.4681999981403351,0.4221000075340271,,0.9014999866485596,0.09120000153779984,9,,20.0,4.14E-03,,330.9700012207031,BA 23.38 / 2-EHA 54.57 / IBOMA 20 / AA 1.3 / HDDA 0.75,증류수 105.75wt%,KPS 0.32wt% ( 후첨 0.10wt% ),SR-1025 2.83wt%(초기 0.04wt%) / ER-10 0.15wt% / NH4OH 0.24wt%,4.75시간,83
S250717B,이민지,딥드로잉용,[918기반] 2-HEMA 0% + BA:2-EHA=7:3 : NG(응집),0.4738999903202057,,,,,,,,4.14E-03,,326.9700012207031,BA 54.57 / 2-EHA 23.38 / IBOMA 20 / AA 1.3 / HDDA 0.75,증류수 105.75wt%,KPS 0.32wt% ( 후첨 0.10wt% ),SR-1025 2.83wt%(초기 0.04wt%) / ER-10 0.15wt%,4.75시간,83
S250717A,이민지,딥드로잉용,[918기반] 2-HEMA 0% + BA 단독 : NG(응집),0.4738999903202057,,,,,,,,4.14E-03,,326.9700012207031,BA 77.95 / IBOMA 20 / AA 1.3 / HDDA 0.75,증류수 105.75wt%,KPS 0.32wt% ( 후첨 0.10wt% ),SR-1025 2.83wt%(초기 0.04wt%) / ER-10 0.15wt%,4.75시간,83
S250723B,노항우,4223대체용,[913기반] AOMA 0.75,0.4666000008583069,0.4203000068664551,0.506600022315979,0.9007999897003174,0.09669999778270721,8-9,,50.0,4.14E-03,,329.6400146484375,BA 77.95 / CHMA 20 / AA 1.3 / AOMA 0.75,증류수 105.75wt%,KPS 0.32wt% ( 후첨 0.10wt% ),SR-1025 2.83wt%(초기 0.04wt%) / ER-10 0.15wt% / NH4OH 0.16wt%,4.75시간,83
S250723A,노항우,4223대체용,[913기반] DPPA 0.75 : NG(응집),0.47040000557899475,,,,,,,,4.14E-03,,326.9700012207031,BA 77.95 / CHMA 20 / AA 1.3 / DPPA 0.75,증류수 105.75wt%,KPS 0.32wt% ( 후첨 0.10wt% ),SR-1025 2.83wt%(초기 0.04wt%) / ER-10 0.15wt%,4.75시간,83
S250721H,이민지,딥드로잉용,[918기반] 2-HEMA 0% + BA:2-EHA=7:3 : 재현,0.4684000015258789,0.44909998774528503,,0.9588000178337097,0.07360000163316727,8-9,,80.0,4.14E-03,,330.7900085449219,BA 54.57 / 2-EHA 23.38 / IBOMA 20 / AA 1.3 / HDDA 0.75,증류수 105.75wt%,KPS 0.32wt% ( 후첨 0.10wt% ),SR-1025 2.83wt%(초기 0.04wt%) / ER-10 0.15wt% / NH4OH 0.23wt%,4.75시간,83
S250721G,이민지,딥드로잉용,[918기반] 2-HEMA 0% + BA 단독 : 재현,0.46869999170303345,0.41530001163482666,0.5896999835968018,0.8860999941825867,0.16130000352859497,8-9,,40.0,4.14E-03,,330.57000732421875,BA 77.95 / IBOMA 20 / AA 1.3 / HDDA 0.75,증류수 105.75wt%,KPS 0.32wt% ( 후첨 0.10wt% ),SR-1025 2.83wt%(초기 0.04wt%) / ER-10 0.15wt% / NH4OH 0.22wt%,4.75시간,83
S250724H,이민지,딥드로잉용,[918기반] 2-HEMA 0% + BA:2-EHA=8:2,0.46880000829696655,0.45840001106262207,,0.9778000116348267,0.07760000228881836,8-9,,80.0,4.14E-03,,330.489990234375,BA 62.36 / 2-EHA 15.59 / IBOMA 20 / AA 1.3 / HDDA 0.75,증류수 105.75wt%,KPS 0.32wt% ( 후첨 0.10wt% ),SR-1025 2.83wt%(초기 0.04wt%) / ER-10 0.15wt% / NH4OH 0.21wt%,4.75시간,83
S250724G,이민지,딥드로잉용,[918기반] 2-HEMA 0% + BA:2-EHA=9:1,0.4690999984741211,0.43459999561309814,,0.9265000224113464,0.11630000174045563,8-9,,40.0,4.14E-03,,330.30999755859375,BA 70.15 / 2-EHA 7.80 / IBOMA 20 / AA 1.3 / HDDA 0.75,증류수 105.75wt%,KPS 0.32wt% ( 후첨 0.10wt% ),SR-1025 2.83wt%(초기 0.04wt%) / ER-10 0.15wt% / NH4OH 0.20wt%,4.75시간,83
S250724F,이민지,딥드로잉용,[918기반] 2-HEMA 0% + BA 단독 : 재현,0.4672999978065491,0.44519999623298645,0.7336999773979187,0.9527000188827515,0.037300001829862595,8-9,,40.0,4.14E-03,,331.6099853515625,BA 77.95 / IBOMA 20 / AA 1.3 / HDDA 0.75,증류수 105.75wt%,KPS 0.32wt% ( 후첨 0.10wt% ),SR-1025 2.83wt%(초기 0.04wt%) / ER-10 0.15wt% / NH4OH 0.28wt%,4.75시간,83
S250724B,노항우,약점용,[919기반] BA 단독 + MMA 40% + AA 3% + 고형분 30%,0.30090001225471497,0.3012000024318695,0.9230999946594238,1.0010000467300415,0.0010999999940395355,7-8,,25.0,3.67E-03,,514.8699951171875,BA 56.25 / MMA 40 / AA 3 / HDDA 0.75,증류수 105.75wt%,KPS 0.32wt% ( 후첨 0.10wt% ),SR-1025 2.83wt%(초기 0.04wt%) / ER-10 0.15wt% / NH4OH 0.47wt%,4.75시간,83
S250724A,노항우,약점용,[919기반] BA 단독 + MMA 40% + AA 1% + 고형분 30%,0.3021000027656555,0.299699991941452,0.9259999990463257,0.9921000003814697,0.002099999925121665,9,,25.0,3.67E-03,,512.969970703125,BA 58.25 / MMA 40 / AA 1 / HDDA 0.75,증류수 105.75wt%,KPS 0.32wt% ( 후첨 0.10wt% ),SR-1025 2.83wt%(초기 0.04wt%) / ER-10 0.15wt% / NH4OH 0.36wt%,4.75시간,83
S250729F,노항우,약점용,[919기반] BA 단독 + MMA 30% + AA 1% + 고형분 30%,0.30309998989105225,0.3122999966144562,0.9114999771118164,1.030400037765503,0.00430000014603138,8-9,,25.0,3.67E-03,,511.1499938964844,BA 68.25 / MMA 30 / AA 1 / HDDA 0.75,증류수 105.75wt%,KPS 0.32wt% ( 후첨 0.10wt% ),SR-1025 2.83wt%(초기 0.04wt%) / ER-10 0.15wt% / NH4OH 0.25wt%,4.75시간,83
S250729G,노항우,약점용,[919기반] BA 단독 + MMA 35% + AA 1% + 고형분 30%,0.30320000648498535,0.2953000068664551,0.9334999918937683,0.9739000201225281,0.003000000026077032,8-9,,25.0,3.67E-03,,511.1000061035156,BA 63.25 / MMA 35 / AA 1 / HDDA 0.75,증류수 105.75wt%,KPS 0.32wt% ( 후첨 0.10wt% ),SR-1025 2.83wt%(초기 0.04wt%) / ER-10 0.15wt% / NH4OH 0.25wt%,4.75시간,83
S250729H,노항우,4223대체용,[913기반] BA : NOAA = 1 : 1,0.4629000127315521,0.44830000400543213,0.6312999725341797,0.968500018119812,0.03290000185370445,8-9,,50.0,4.14E-03,,330.5400085449219,BA 39.35 / NOAA 39.35 / CHMA 20 / AA 1.3,증류수 105.75wt%,KPS 0.32wt% ( 후첨 0.10wt% ),SR-1025 2.83wt%(초기 0.04wt%) / ER-10 0.15wt% / NH4OH 0.21wt%,4.75시간,83
S250811H,노항우,약점용,[919기반] BA 단독 + IBOA 40% + AA 1% + 2-HEMA 2% + 고형분 30%,0.30320000648498535,0.28290000557899475,0.9143999814987183,0.9330000281333923,0.0007999999797903001,8-9,-20.350000381469727,25.0,3.67E-03,,511.0400085449219,BA 56.25 / IBOA 40 / AA 1 / 2-HEMA 2 / HDDA 0.75,증류수 105.75wt%,KPS 0.32wt% ( 후첨 0.10wt% ),SR-1025 2.83wt%(초기 0.04wt%) / ER-10 0.15wt% / NH4OH 0.24wt%,4.75시간,83
S250811G,노항우,약점용,[919기반] BA 단독 + CHMA 40% + AA 1% + 2-HEMA 2% + 고형분 30%,0.30309998989105225,0.3000999987125397,0.9243999719619751,0.9901000261306763,0.0020000000949949026,8-9,-13.789999961853027,25.0,3.67E-03,,511.1300048828125,BA 56.25 / CHMA 40 / AA 1 / 2-HEMA 2 / HDDA 0.75,증류수 105.75wt%,KPS 0.32wt% ( 후첨 0.10wt% ),SR-1025 2.83wt%(초기 0.04wt%) / ER-10 0.15wt% / NH4OH 0.25wt%,4.75시간,83
S250811F,노항우,약점용,[919기반] BA 단독 + MMA 40% + AA 1% + 2-HEMA 2% + 고형분 30%,0.2930000126361847,0.30309998989105225,0.9144999980926514,0.96670001745224,0.0013000000035390258,8-9,2.2799999713897705,25.0,3.67E-03,,511.20001220703125,BA 56.25 / MMA 40 / AA 1 / 2-HEMA 2 / HDDA 0.75,증류수 105.75wt%,KPS 0.32wt% ( 후첨 0.10wt% ),SR-1025 2.83wt%(초기 0.04wt%) / ER-10 0.15wt% / NH4OH 0.25wt%,4.75시간,83
S250808H,노항우,장기보관성개선,[911기반] MMA 4.5% + POEA 4.5%,0.48420000076293945,0.46480000019073486,0.6308000087738037,0.9599000215530396,0.09539999812841415,8-9,,50.0,2.50E-03,,315.8999938964844,BA 89.7 / MMA 4.5 / POEA 4.5 / AA 1.3,증류수 101.8wt%,KPS 0.33wt% ( 후첨 0.10wt% ),SR-1025 1.50wt%(초기 0.03wt%) / ER-10 0.08wt% / NaHCO3 0.06wt% / NH4OH 0.19wt%,4.75시간,83
S250808G,노항우,장기보관성개선,[911기반] MMA > POEA,0.48399999737739563,0.4496000111103058,0.5364999771118164,0.9289000034332275,0.09390000253915787,8-9,,50.0,2.50E-03,,316.0299987792969,BA 89.7 / POEA 9 / AA 1.3,증류수 101.8wt%,KPS 0.33wt% ( 후첨 0.10wt% ),SR-1025 1.50wt%(초기 0.03wt%) / ER-10 0.08wt% / NaHCO3 0.06wt% / NH4OH 0.20wt%,4.75시간,83
S250808F,노항우,장기보관성개선,[920기반] MMA > POEA,0.4844000041484833,0.4505000114440918,0.5784000158309937,0.9300000071525574,0.06960000097751617,8-9,,50.0,2.50E-03,,315.7799987792969,BA 93.45 / POEA 4.5 / AA 1.3,증류수 101.8wt%,KPS 0.33wt% ( 후첨 0.10wt% ),SR-1025 1.50wt%(초기 0.03wt%) / ER-10 0.08wt% / NaHCO3 0.06wt% / NH4OH 0.18wt%,4.75시간,83
S250801H,노항우,약점용,[919기반] BA 단독 + MMA 35% + AA 1% + 2-HEMA 2% + 고형분 30%,0.30320000648498535,0.2896000146865845,0.9269999861717224,0.9550999999046326,0.00139999995008111,8-9,-5.139999866485596,25.0,3.67E-03,,511.0899963378906,BA 61.25 / MMA 35 / AA 1 / 2-HEMA 2 / HDDA 0.75,증류수 105.75wt%,KPS 0.32wt% ( 후첨 0.10wt% ),SR-1025 2.83wt%(초기 0.04wt%) / ER-10 0.15wt% / NH4OH 0.25wt%,4.75시간,83
S250801G,노항우,약점용,[919기반] BA 단독 + MMA 30% + AA 1% + 2-HEMA 2% + 고형분 30%,0.30309998989105225,0.29580000042915344,0.9088000059127808,0.9758999943733215,0.002300000051036477,8-9,-12.350000381469727,25.0,3.67E-03,,511.1499938964844,BA 66.25 / MMA 30 / AA 1 / 2-HEMA 2 / HDDA 0.75,증류수 105.75wt%,KPS 0.32wt% ( 후첨 0.10wt% ),SR-1025 2.83wt%(초기 0.04wt%) / ER-10 0.15wt% / NH4OH 0.25wt%,4.75시간,83
S250801F,노항우,약점용,[919기반] BA 단독 + MMA 30% + AA 1% + 고형분 30% : 재현,0.30320000648498535,0.29499998688697815,0.9240000247955322,0.9729999899864197,0.0010000000474974513,8-9,-14.239999771118164,25.0,3.67E-03,,511.0199890136719,BA 68.25 / MMA 30 / AA 1 / HDDA 0.75,증류수 105.75wt%,KPS 0.32wt% ( 후첨 0.10wt% ),SR-1025 2.83wt%(초기 0.04wt%) / ER-10 0.15wt% / NH4OH 0.24wt%,4.75시간,83
S250729H,노항우,4223대체용,[913기반] BA : NOAA = 1 : 1,0.4629000127315521,0.44830000400543213,0.6312999725341797,0.968500018119812,0.03290000185370445,8-9,,50.0,4.14E-03,,330.5400085449219,BA 39.35 / NOAA 39.35 / CHMA 20 / AA 1.3,증류수 105.75wt%,KPS 0.32wt% ( 후첨 0.10wt% ),SR-1025 2.83wt%(초기 0.04wt%) / ER-10 0.15wt% / NH4OH 0.21wt%,4.75시간,83
S250821H,노항우,약점용,[919기반] BA 단독 + MMA 35% + MAA 3% + 고형분 30%,0.3021000027656555,0.3028999865055084,0.9273999929428101,1.0025999546051025,0.0012000000569969416,8-9,-2.2200000286102295,25.0,3.67E-03,,512.9000244140625,BA 61.25 / MMA 35 / MAA 3 / HDDA 0.75,증류수 105.75wt%,KPS 0.32wt% ( 후첨 0.10wt% ),SR-1025 2.83wt%(초기 0.04wt%) / ER-10 0.15wt% / NH4OH 0.36wt%,4.75시간,83
S250821G,노항우,약점용,[919기반] BA 단독 + MMA 35% + AA 1% + MAA 2% + 고형분 30%,0.3021000027656555,0.3009999990463257,0.9171000123023987,0.996399998664856,0.001500000013038516,8-9,-2.6500000953674316,25.0,3.67E-03,,512.8900146484375,BA 61.25 / MMA 35 / AA 1 / MAA 2 / HDDA 0.75,증류수 105.75wt%,KPS 0.32wt% ( 후첨 0.10wt% ),SR-1025 2.83wt%(초기 0.04wt%) / ER-10 0.15wt% / NH4OH 0.36wt%,4.75시간,83
S250821F,노항우,약점용,[919기반] BA 단독 + MMA 35% + AA 1% + MAA 1% + 고형분 30%,0.3025999963283539,0.3037000000476837,0.9129999876022339,1.003600001335144,0.0010999999940395355,8-9,-4.889999866485596,25.0,3.67E-03,,511.9700012207031,BA 62.25 / MMA 35 / AA 1 / MAA 1 / HDDA 0.75,증류수 105.75wt%,KPS 0.32wt% ( 후첨 0.10wt% ),SR-1025 2.83wt%(초기 0.04wt%) / ER-10 0.15wt% / NH4OH 0.30wt%,4.75시간,83
S250821E,노항우,약점용,[919기반] BA 단독 + MMA 35% + MAA 2% + 고형분 30%,0.3025999963283539,0.3000999987125397,0.9190000295639038,0.9916999936103821,0.0017000000225380063,8-9,-5.309999942779541,25.0,3.67E-03,,511.9700012207031,BA 62.25 / MMA 35 / AA 2 / HDDA 0.75,증류수 105.75wt%,KPS 0.32wt% ( 후첨 0.10wt% ),SR-1025 2.83wt%(초기 0.04wt%) / ER-10 0.15wt% / NH4OH 030wt%,4.75시간,83
S250820H,노항우,약점용,[919기반] BA 단독 + MMA 35% + AA 1% + b-CEA 1% + 고형분 30%,0.30300000309944153,0.2976999878883362,0.9235000014305115,0.9825000166893005,0.0007399999885819852,8-9,-6.320000171661377,25.0,3.67E-03,,511.42999267578125,BA 62.25 / MMA 35 / AA 1 / b-CEA 1 / HDDA 0.75,증류수 105.75wt%,KPS 0.32wt% ( 후첨 0.10wt% ),SR-1025 2.83wt%(초기 0.04wt%) / ER-10 0.15wt% / NH4OH 0.27wt%,4.75시간,83
S250820G,노항우,약점용,[919기반] BA 단독 + EA 17.5% + IBOMA 17.5% + AA 1% + 고형분 30%,0.30300000309944153,0.3003999888896942,0.5228999853134155,0.9914000034332275,0.002899999963119626,8-9,-35.529998779296875,25.0,3.67E-03,,511.30999755859375,BA 63.25 / EA 17.5 / IBOMA 17.5 / AA 1 / HDDA 0.75,증류수 105.75wt%,KPS 0.32wt% ( 후첨 0.10wt% ),SR-1025 2.83wt%(초기 0.04wt%) / ER-10 0.15wt% / NH4OH 0.26wt%,4.75시간,83
S250820F,노항우,약점용,[919기반] BA 단독 + MMA 17.5% + IBOMA 17.5% + AA 1% + 고형분 30%,0.30309998989105225,0.30300000309944153,0.9286999702453613,0.9997000098228455,0.0006000000284984708,8-9,-16.43000030517578,25.0,3.67E-03,,511.2099914550781,BA 63.25 / MMA 17.5 / IBOMA 17.5 / AA 1 / HDDA 0.75,증류수 105.75wt%,KPS 0.32wt% ( 후첨 0.10wt% ),SR-1025 2.83wt%(초기 0.04wt%) / ER-10 0.15wt% / NH4OH 0.25wt%,4.75시간,83
S250820E,노항우,약점용,[919기반] BA 단독 + MMA 17.5% + EA 17.5% + AA 1% + 고형분 30%,0.30309998989105225,0.3021000027656555,0.9192000031471252,0.9966999888420105,0.004000000189989805,8-9,-25.450000762939453,25.0,3.67E-03,,511.1700134277344,BA 63.25 / MMA 17.5 / EA 17.5 / AA 1 / HDDA 0.75,증류수 105.75wt%,KPS 0.32wt% ( 후첨 0.10wt% ),SR-1025 2.83wt%(초기 0.04wt%) / ER-10 0.15wt% / NH4OH 0.25wt%,4.75시간,83
S250819E,노항우,논문용,[911기반] SR-1025 2.5% + BA/MMA/BMA/AA=77/12/10/1,0.484499990940094,,,,,,,,3.57E-03,,318.760009765625,BA 77 / MMA 12 / BMA 10 / AA 1,증류수 101.8wt%,KPS 0.33wt% ( 후첨 0.10wt% ),SR-1025 2.50wt%(초기 0.03wt%) / ER-10 0.10wt% / NaHCO3 0.06wt%,4.75시간,83
S250819D,노항우,논문용,[911기반] SR-1025 2.5% + BA/MMA/BMA/AA=82/12/5/1,0.484499990940094,,,,,,,,3.57E-03,,318.760009765625,BA 82 / MMA 12 / BMA 5 / AA 1,증류수 101.8wt%,KPS 0.33wt% ( 후첨 0.10wt% ),SR-1025 2.50wt%(초기 0.03wt%) / ER-10 0.10wt% / NaHCO3 0.06wt%,4.75시간,83
S250819C,노항우,논문용,[911기반] SR-1025 2.5% + BA/AN/AA=87/12/1,0.484499990940094,,,,,,,,3.57E-03,,318.760009765625,BA 87 / AN 12 / AA 1,증류수 101.8wt%,KPS 0.33wt% ( 후첨 0.10wt% ),SR-1025 2.50wt%(초기 0.03wt%) / ER-10 0.10wt% / NaHCO3 0.06wt%,4.75시간,83
S250819B,노항우,논문용,[911기반] SR-1025 2.5% + BA/CHMA/AA=87/12/1,0.484499990940094,,,,,,,,3.57E-03,,318.760009765625,BA 87 / CHMA 12 / AA 1,증류수 101.8wt%,KPS 0.33wt% ( 후첨 0.10wt% ),SR-1025 2.50wt%(초기 0.03wt%) / ER-10 0.10wt% / NaHCO3 0.06wt%,4.75시간,83
S250819A,노항우,논문용,[911기반] SR-1025 2.5% + BA/St/AA=87/12/1,0.484499990940094,,,,,,,,3.57E-03,,318.760009765625,BA 87 / St 12 / AA 1,증류수 101.8wt%,KPS 0.33wt% ( 후첨 0.10wt% ),SR-1025 2.50wt%(초기 0.03wt%) / ER-10 0.10wt% / NaHCO3 0.06wt%,4.75시간,83
S250818H,노항우,약점용,[919기반] BA 단독 + MMA 17.5% + IBOA 17.5% + MAA 1% + 고형분 30%,0.30320000648498535,0.2948000133037567,0.9272000193595886,0.9722999930381775,0.0013000000035390258,8-9,-16.1200008392334,25.0,3.67E-03,,511.0299987792969,BA 63.25 / MMA 17.5 / IBOA 17.5 / MAA 1 / HDDA 0.75,증류수 105.75wt%,KPS 0.32wt% ( 후첨 0.10wt% ),SR-1025 2.83wt%(초기 0.04wt%) / ER-10 0.15wt% / NH4OH 0.24wt%,4.75시간,83
S250818G,노항우,약점용,[919기반] BA 단독 + MMA 35% + MAA 2% + 고형분 30%,0.30320000648498535,0.29420000314712524,0.9125000238418579,0.970300018787384,0.002300000051036477,8-9,-4.480000019073486,25.0,3.67E-03,,511.0,BA 62.25 / MMA 35 / MAA 2 / HDDA 0.75,증류수 105.75wt%,KPS 0.32wt% ( 후첨 0.10wt% ),SR-1025 2.83wt%(초기 0.04wt%) / ER-10 0.15wt% / NH4OH 0.24wt%,4.75시간,83
S250818F,노항우,약점용,[919기반] BA:2-EHA=1:1 + MMA 35% + MAA 1% + 고형분 30%,0.30329999327659607,0.2939999997615814,0.9348999857902527,0.9692999720573425,0.0012000000569969416,8-9,-6.320000171661377,25.0,3.67E-03,,510.8800048828125,BA 31.63 / 2-EHA 31.63 / MMA 35 / MAA 1 / HDDA 0.75,증류수 105.75wt%,KPS 0.32wt% ( 후첨 0.10wt% ),SR-1025 2.83wt%(초기 0.04wt%) / ER-10 0.15wt% / NH4OH 0.23wt%,4.75시간,83
S250818E,노항우,논문용,[911기반] SR-1025 2.5% + BA/BMA/AA=87/12/1,0.484499990940094,,,,,,,,3.57E-03,,318.760009765625,BA 87 / BMA 12 / AA 1,증류수 101.8wt%,KPS 0.33wt% ( 후첨 0.10wt% ),SR-1025 2.50wt%(초기 0.03wt%) / ER-10 0.10wt% / NaHCO3 0.06wt%,4.75시간,83
S250818D,노항우,논문용,[911기반] SR-1025 2.5% + BA/MMA/AA=83/12/5,0.484499990940094,,,,,,,,3.57E-03,,318.760009765625,BA 83 / MMA 12 / AA 5,증류수 101.8wt%,KPS 0.33wt% ( 후첨 0.10wt% ),SR-1025 2.50wt%(초기 0.03wt%) / ER-10 0.10wt% / NaHCO3 0.06wt%,4.75시간,83
S250818C,노항우,논문용,[911기반] SR-1025 2.5% + BA/MMA/AA=86/12/2,0.484499990940094,,,,,,,,3.57E-03,,318.760009765625,BA 86 / MMA 12 / AA 2,증류수 101.8wt%,KPS 0.33wt% ( 후첨 0.10wt% ),SR-1025 2.50wt%(초기 0.03wt%) / ER-10 0.10wt% / NaHCO3 0.06wt%,4.75시간,83
S250818B,노항우,논문용,[911기반] SR-1025 2.5% + BA/MMA/AA=87/12/1,0.484499990940094,,,,,,,,3.57E-03,,318.760009765625,BA 87 / MMA 12 / AA 1,증류수 101.8wt%,KPS 0.33wt% ( 후첨 0.10wt% ),SR-1025 2.50wt%(초기 0.03wt%) / ER-10 0.10wt% / NaHCO3 0.06wt%,4.75시간,83
S250818A,노항우,논문용,[911기반] SR-1025 2.5% + BA/MMA/AA=87.5/12/0.5,0.484499990940094,,,,,,,,3.57E-03,,318.760009765625,BA 87.5 / MMA 12 / AA 0.5,증류수 101.8wt%,KPS 0.33wt% ( 후첨 0.10wt% ),SR-1025 2.50wt%(초기 0.03wt%) / ER-10 0.10wt% / NaHCO3 0.06wt%,4.75시간,83
S250813H,노항우,약점용,[919기반] BA:2-EHA=1:1 + MMA 35% + AA 1% + 고형분 30%,0.30309998989105225,0.2939000129699707,0.9172999858856201,0.9696000218391418,0.0012000000569969416,8-9,-6.769999980926514,25.0,3.67E-03,,511.1300048828125,BA 31.63 / 2-EHA 31.63 / MMA 35 / AA 1 / HDDA 0.75,증류수 105.75wt%,KPS 0.32wt% ( 후첨 0.10wt% ),SR-1025 2.83wt%(초기 0.04wt%) / ER-10 0.15wt% / NH4OH 025.wt%,4.75시간,83
S250813G,노항우,약점용,[919기반] BA:2-EHA=1:1 + MMA 30% + AA 1% + 고형분 30%,0.30309998989105225,0.2955999970436096,0.911300003528595,0.9753000140190125,0.0007999999797903001,8-9,-14.609999656677246,25.0,3.67E-03,,511.20001220703125,BA 34.13 / 2-EHA 34.13 / MMA 30 / AA 1 / HDDA 0.75,증류수 105.75wt%,KPS 0.32wt% ( 후첨 0.10wt% ),SR-1025 2.83wt%(초기 0.04wt%) / ER-10 0.15wt% / NH4OH 025.wt%,4.75시간,83
S250813F,노항우,약점용,[919기반] BA 단독 + MMA 35% + MAA 1% + 고형분 30%,0.30320000648498535,0.28999999165534973,0.9082000255584717,0.9564999938011169,0.0017999999690800905,8-9,-6.710000038146973,25.0,3.67E-03,,511.07000732421875,BA 63.25 / MMA 35 / MAA 1 / HDDA 0.75,증류수 105.75wt%,KPS 0.32wt% ( 후첨 0.10wt% ),SR-1025 2.83wt%(초기 0.04wt%) / ER-10 0.15wt% / NH4OH 025.wt%,4.75시간,83
S250813E,노항우,약점용,[919기반] BA 단독 + MMA 30% + MAA 1% + 고형분 30%,0.30309998989105225,0.28999999165534973,0.9067999720573425,0.9567999839782715,0.0017000000225380063,8-9,-13.869999885559082,25.0,3.67E-03,,511.2099914550781,BA 68.25 / MMA 30 / MAA 1 / HDDA 0.75,증류수 105.75wt%,KPS 0.32wt% ( 후첨 0.10wt% ),SR-1025 2.83wt%(초기 0.04wt%) / ER-10 0.15wt% / NH4OH 025.wt%,4.75시간,83
S250722H,정주현,WPVC대체용,[913기반] HDDA 0.75%,0.46480000019073486,0.4596000015735626,0.6244000196456909,0.9887999892234802,0.08860000222921371,9,,80.0,4.14E-03,,330.9700012207031,BA 77.95 / CHMA 20 / AA 1.3 / HDDA 0.75,증류수 104.61wt%,KPS 0.32wt% ( 후첨 0.10wt% ),SR-1025 2.83wt%(초기 0.04wt%) / ER-10 0.15wt% / NH4OH 0.24wt%,4.75시간,83
S250722G,정주현,WPVC대체용,[913기반] HDDA 0.75% + AA 5%,0.46799999475479126,0.4302000105381012,0.6392999887466431,0.9192000031471252,0.04659999907016754,8.5,,8650.0,4.14E-03,,331.07000732421875,BA 74.25 / CHMA 20 / AA 5 / HDDA 0.75,증류수 104.61wt%,KPS 0.32wt% ( 후첨 0.10wt% ),SR-1025 2.83wt%(초기 0.04wt%) / ER-10 0.15wt% / NH4OH 0.25wt%,4.75시간,83
S250722F,정주현,WPVC대체용,[913기반] HDDA 0.75% + AA 3%,0.4652999937534332,0.4077000021934509,0.6025999784469604,0.8762000203132629,0.025800000876188278,9,,100.0,4.14E-03,,332.9700012207031,BA 76.25 / CHMA 20 / AA 3 / HDDA 0.75,증류수 104.61wt%,KPS 0.32wt% ( 후첨 0.10wt% ),SR-1025 2.83wt%(초기 0.04wt%) / ER-10 0.15wt% / NH4OH 0.36wt%,4.75시간,83
